12/23/2025, 6:56:08 PM GMT+1 [Modules] Modules initializing
12/23/2025, 6:56:08 PM GMT+1 [Modules] Distribution: remote
12/23/2025, 6:56:08 PM GMT+1 [Modules] Host updates: enabled
12/23/2025, 6:56:08 PM GMT+1 [Modules] Module updates: enabled
12/23/2025, 6:56:08 PM GMT+1 [Modules] Module install path: /home/chiisai/.config/discord/0.0.119/modules
12/23/2025, 6:56:08 PM GMT+1 [Modules] Module installed file path: /home/chiisai/.config/discord/0.0.119/modules/installed.json
12/23/2025, 6:56:08 PM GMT+1 [Modules] Module download path: /home/chiisai/.config/discord/0.0.119/modules/pending
12/23/2025, 6:56:09 PM GMT+1 [Modules] Bootstrapping...
12/23/2025, 6:56:09 PM GMT+1 [Modules] Installing discord_desktop_core@0 from /opt/discord/resources/bootstrap/discord_desktop_core.zip
12/23/2025, 6:56:09 PM GMT+1 [Modules] Failed installing discord_desktop_core@0: Error: ENOENT: no such file or directory, open '/opt/discord/resources/bootstrap/discord_desktop_core.zip'
12/23/2025, 6:56:09 PM GMT+1 [Modules] Installing discord_erlpack@0 from /opt/discord/resources/bootstrap/discord_erlpack.zip
12/23/2025, 6:56:09 PM GMT+1 [Modules] Failed installing discord_erlpack@0: Error: ENOENT: no such file or directory, open '/opt/discord/resources/bootstrap/discord_erlpack.zip'
12/23/2025, 6:56:09 PM GMT+1 [Modules] Installing discord_spellcheck@0 from /opt/discord/resources/bootstrap/discord_spellcheck.zip
12/23/2025, 6:56:09 PM GMT+1 [Modules] Failed installing discord_spellcheck@0: Error: ENOENT: no such file or directory, open '/opt/discord/resources/bootstrap/discord_spellcheck.zip'
12/23/2025, 6:56:09 PM GMT+1 [Modules] Installing discord_utils@0 from /opt/discord/resources/bootstrap/discord_utils.zip
12/23/2025, 6:56:09 PM GMT+1 [Modules] Failed installing discord_utils@0: Error: ENOENT: no such file or directory, open '/opt/discord/resources/bootstrap/discord_utils.zip'
12/23/2025, 6:56:09 PM GMT+1 [Modules] Installing discord_voice@0 from /opt/discord/resources/bootstrap/discord_voice.zip
12/23/2025, 6:56:09 PM GMT+1 [Modules] Failed installing discord_voice@0: Error: ENOENT: no such file or directory, open '/opt/discord/resources/bootstrap/discord_voice.zip'
12/23/2025, 6:56:09 PM GMT+1 [Modules] Installing discord_zstd@0 from /opt/discord/resources/bootstrap/discord_zstd.zip
12/23/2025, 6:56:09 PM GMT+1 [Modules] Failed installing discord_zstd@0: Error: ENOENT: no such file or directory, open '/opt/discord/resources/bootstrap/discord_zstd.zip'
12/23/2025, 6:56:09 PM GMT+1 [Modules] Finished module installations. [success: 0] [failure: 6]
12/23/2025, 6:56:09 PM GMT+1 [Modules] Checking for host updates.
12/23/2025, 6:56:10 PM GMT+1 [Modules] Host is up to date.
12/23/2025, 6:56:10 PM GMT+1 [Modules] Checking for module updates at https://discord.com/api/modules/stable/versions.json
12/23/2025, 6:56:10 PM GMT+1 [Modules] Module update available: discord_desktop_core@1 [installed: 0]
12/23/2025, 6:56:10 PM GMT+1 [Modules] Module update available: discord_erlpack@1 [installed: 0]
12/23/2025, 6:56:10 PM GMT+1 [Modules] Module update available: discord_spellcheck@1 [installed: 0]
12/23/2025, 6:56:10 PM GMT+1 [Modules] Module update available: discord_utils@1 [installed: 0]
12/23/2025, 6:56:10 PM GMT+1 [Modules] Module update available: discord_voice@1 [installed: 0]
12/23/2025, 6:56:10 PM GMT+1 [Modules] Module update available: discord_zstd@1 [installed: 0]
12/23/2025, 6:56:10 PM GMT+1 [Modules] Fetching discord_desktop_core@1 from https://discord.com/api/modules/stable/discord_desktop_core/1
12/23/2025, 6:56:10 PM GMT+1 [Modules] Streaming discord_desktop_core@1 to /home/chiisai/.config/discord/0.0.119/modules/pending/discord_desktop_core-1.zip
12/23/2025, 6:56:10 PM GMT+1 [Modules] Streaming discord_desktop_core@1 to /home/chiisai/.config/discord/0.0.119/modules/pending/discord_desktop_core-1.zip: 1%
12/23/2025, 6:56:10 PM GMT+1 [Modules] Streaming discord_desktop_core@1 to /home/chiisai/.config/discord/0.0.119/modules/pending/discord_desktop_core-1.zip: 2%
12/23/2025, 6:56:10 PM GMT+1 [Modules] Streaming discord_desktop_core@1 to /home/chiisai/.config/discord/0.0.119/modules/pending/discord_desktop_core-1.zip: 3%
12/23/2025, 6:56:10 PM GMT+1 [Modules] Streaming discord_desktop_core@1 to /home/chiisai/.config/discord/0.0.119/modules/pending/discord_desktop_core-1.zip: 4%
12/23/2025, 6:56:10 PM GMT+1 [Modules] Streaming discord_desktop_core@1 to /home/chiisai/.config/discord/0.0.119/modules/pending/discord_desktop_core-1.zip: 5%
12/23/2025, 6:56:10 PM GMT+1 [Modules] Streaming discord_desktop_core@1 to /home/chiisai/.config/discord/0.0.119/modules/pending/discord_desktop_core-1.zip: 6%
12/23/2025, 6:56:10 PM GMT+1 [Modules] Streaming discord_desktop_core@1 to /home/chiisai/.config/discord/0.0.119/modules/pending/discord_desktop_core-1.zip: 7%
12/23/2025, 6:56:10 PM GMT+1 [Modules] Streaming discord_desktop_core@1 to /home/chiisai/.config/discord/0.0.119/modules/pending/discord_desktop_core-1.zip: 8%
12/23/2025, 6:56:10 PM GMT+1 [Modules] Streaming discord_desktop_core@1 to /home/chiisai/.config/discord/0.0.119/modules/pending/discord_desktop_core-1.zip: 9%
12/23/2025, 6:56:10 PM GMT+1 [Modules] Streaming discord_desktop_core@1 to /home/chiisai/.config/discord/0.0.119/modules/pending/discord_desktop_core-1.zip: 10%
12/23/2025, 6:56:10 PM GMT+1 [Modules] Streaming discord_desktop_core@1 to /home/chiisai/.config/discord/0.0.119/modules/pending/discord_desktop_core-1.zip: 11%
12/23/2025, 6:56:10 PM GMT+1 [Modules] Streaming discord_desktop_core@1 to /home/chiisai/.config/discord/0.0.119/modules/pending/discord_desktop_core-1.zip: 12%
12/23/2025, 6:56:10 PM GMT+1 [Modules] Streaming discord_desktop_core@1 to /home/chiisai/.config/discord/0.0.119/modules/pending/discord_desktop_core-1.zip: 13%
12/23/2025, 6:56:10 PM GMT+1 [Modules] Streaming discord_desktop_core@1 to /home/chiisai/.config/discord/0.0.119/modules/pending/discord_desktop_core-1.zip: 14%
12/23/2025, 6:56:10 PM GMT+1 [Modules] Streaming discord_desktop_core@1 to /home/chiisai/.config/discord/0.0.119/modules/pending/discord_desktop_core-1.zip: 15%
12/23/2025, 6:56:10 PM GMT+1 [Modules] Streaming discord_desktop_core@1 to /home/chiisai/.config/discord/0.0.119/modules/pending/discord_desktop_core-1.zip: 16%
12/23/2025, 6:56:10 PM GMT+1 [Modules] Streaming discord_desktop_core@1 to /home/chiisai/.config/discord/0.0.119/modules/pending/discord_desktop_core-1.zip: 17%
12/23/2025, 6:56:10 PM GMT+1 [Modules] Streaming discord_desktop_core@1 to /home/chiisai/.config/discord/0.0.119/modules/pending/discord_desktop_core-1.zip: 18%
12/23/2025, 6:56:10 PM GMT+1 [Modules] Streaming discord_desktop_core@1 to /home/chiisai/.config/discord/0.0.119/modules/pending/discord_desktop_core-1.zip: 19%
12/23/2025, 6:56:10 PM GMT+1 [Modules] Streaming discord_desktop_core@1 to /home/chiisai/.config/discord/0.0.119/modules/pending/discord_desktop_core-1.zip: 20%
12/23/2025, 6:56:10 PM GMT+1 [Modules] Streaming discord_desktop_core@1 to /home/chiisai/.config/discord/0.0.119/modules/pending/discord_desktop_core-1.zip: 21%
12/23/2025, 6:56:10 PM GMT+1 [Modules] Streaming discord_desktop_core@1 to /home/chiisai/.config/discord/0.0.119/modules/pending/discord_desktop_core-1.zip: 22%
12/23/2025, 6:56:10 PM GMT+1 [Modules] Streaming discord_desktop_core@1 to /home/chiisai/.config/discord/0.0.119/modules/pending/discord_desktop_core-1.zip: 23%
12/23/2025, 6:56:11 PM GMT+1 [Modules] Streaming discord_desktop_core@1 to /home/chiisai/.config/discord/0.0.119/modules/pending/discord_desktop_core-1.zip: 24%
12/23/2025, 6:56:11 PM GMT+1 [Modules] Streaming discord_desktop_core@1 to /home/chiisai/.config/discord/0.0.119/modules/pending/discord_desktop_core-1.zip: 25%
12/23/2025, 6:56:11 PM GMT+1 [Modules] Streaming discord_desktop_core@1 to /home/chiisai/.config/discord/0.0.119/modules/pending/discord_desktop_core-1.zip: 26%
12/23/2025, 6:56:11 PM GMT+1 [Modules] Streaming discord_desktop_core@1 to /home/chiisai/.config/discord/0.0.119/modules/pending/discord_desktop_core-1.zip: 27%
12/23/2025, 6:56:11 PM GMT+1 [Modules] Streaming discord_desktop_core@1 to /home/chiisai/.config/discord/0.0.119/modules/pending/discord_desktop_core-1.zip: 28%
12/23/2025, 6:56:11 PM GMT+1 [Modules] Streaming discord_desktop_core@1 to /home/chiisai/.config/discord/0.0.119/modules/pending/discord_desktop_core-1.zip: 29%
12/23/2025, 6:56:11 PM GMT+1 [Modules] Streaming discord_desktop_core@1 to /home/chiisai/.config/discord/0.0.119/modules/pending/discord_desktop_core-1.zip: 30%
12/23/2025, 6:56:11 PM GMT+1 [Modules] Streaming discord_desktop_core@1 to /home/chiisai/.config/discord/0.0.119/modules/pending/discord_desktop_core-1.zip: 31%
12/23/2025, 6:56:11 PM GMT+1 [Modules] Streaming discord_desktop_core@1 to /home/chiisai/.config/discord/0.0.119/modules/pending/discord_desktop_core-1.zip: 32%
12/23/2025, 6:56:11 PM GMT+1 [Modules] Streaming discord_desktop_core@1 to /home/chiisai/.config/discord/0.0.119/modules/pending/discord_desktop_core-1.zip: 33%
12/23/2025, 6:56:11 PM GMT+1 [Modules] Streaming discord_desktop_core@1 to /home/chiisai/.config/discord/0.0.119/modules/pending/discord_desktop_core-1.zip: 34%
12/23/2025, 6:56:11 PM GMT+1 [Modules] Streaming discord_desktop_core@1 to /home/chiisai/.config/discord/0.0.119/modules/pending/discord_desktop_core-1.zip: 35%
12/23/2025, 6:56:11 PM GMT+1 [Modules] Streaming discord_desktop_core@1 to /home/chiisai/.config/discord/0.0.119/modules/pending/discord_desktop_core-1.zip: 36%
12/23/2025, 6:56:11 PM GMT+1 [Modules] Streaming discord_desktop_core@1 to /home/chiisai/.config/discord/0.0.119/modules/pending/discord_desktop_core-1.zip: 37%
12/23/2025, 6:56:11 PM GMT+1 [Modules] Streaming discord_desktop_core@1 to /home/chiisai/.config/discord/0.0.119/modules/pending/discord_desktop_core-1.zip: 38%
12/23/2025, 6:56:11 PM GMT+1 [Modules] Streaming discord_desktop_core@1 to /home/chiisai/.config/discord/0.0.119/modules/pending/discord_desktop_core-1.zip: 39%
12/23/2025, 6:56:11 PM GMT+1 [Modules] Streaming discord_desktop_core@1 to /home/chiisai/.config/discord/0.0.119/modules/pending/discord_desktop_core-1.zip: 40%
12/23/2025, 6:56:11 PM GMT+1 [Modules] Streaming discord_desktop_core@1 to /home/chiisai/.config/discord/0.0.119/modules/pending/discord_desktop_core-1.zip: 41%
12/23/2025, 6:56:11 PM GMT+1 [Modules] Streaming discord_desktop_core@1 to /home/chiisai/.config/discord/0.0.119/modules/pending/discord_desktop_core-1.zip: 42%
12/23/2025, 6:56:11 PM GMT+1 [Modules] Streaming discord_desktop_core@1 to /home/chiisai/.config/discord/0.0.119/modules/pending/discord_desktop_core-1.zip: 43%
12/23/2025, 6:56:11 PM GMT+1 [Modules] Streaming discord_desktop_core@1 to /home/chiisai/.config/discord/0.0.119/modules/pending/discord_desktop_core-1.zip: 44%
12/23/2025, 6:56:11 PM GMT+1 [Modules] Streaming discord_desktop_core@1 to /home/chiisai/.config/discord/0.0.119/modules/pending/discord_desktop_core-1.zip: 45%
12/23/2025, 6:56:11 PM GMT+1 [Modules] Streaming discord_desktop_core@1 to /home/chiisai/.config/discord/0.0.119/modules/pending/discord_desktop_core-1.zip: 46%
12/23/2025, 6:56:11 PM GMT+1 [Modules] Streaming discord_desktop_core@1 to /home/chiisai/.config/discord/0.0.119/modules/pending/discord_desktop_core-1.zip: 47%
12/23/2025, 6:56:11 PM GMT+1 [Modules] Streaming discord_desktop_core@1 to /home/chiisai/.config/discord/0.0.119/modules/pending/discord_desktop_core-1.zip: 48%
12/23/2025, 6:56:11 PM GMT+1 [Modules] Streaming discord_desktop_core@1 to /home/chiisai/.config/discord/0.0.119/modules/pending/discord_desktop_core-1.zip: 49%
12/23/2025, 6:56:11 PM GMT+1 [Modules] Streaming discord_desktop_core@1 to /home/chiisai/.config/discord/0.0.119/modules/pending/discord_desktop_core-1.zip: 50%
12/23/2025, 6:56:11 PM GMT+1 [Modules] Streaming discord_desktop_core@1 to /home/chiisai/.config/discord/0.0.119/modules/pending/discord_desktop_core-1.zip: 51%
12/23/2025, 6:56:11 PM GMT+1 [Modules] Streaming discord_desktop_core@1 to /home/chiisai/.config/discord/0.0.119/modules/pending/discord_desktop_core-1.zip: 52%
12/23/2025, 6:56:11 PM GMT+1 [Modules] Streaming discord_desktop_core@1 to /home/chiisai/.config/discord/0.0.119/modules/pending/discord_desktop_core-1.zip: 53%
12/23/2025, 6:56:11 PM GMT+1 [Modules] Streaming discord_desktop_core@1 to /home/chiisai/.config/discord/0.0.119/modules/pending/discord_desktop_core-1.zip: 54%
12/23/2025, 6:56:11 PM GMT+1 [Modules] Streaming discord_desktop_core@1 to /home/chiisai/.config/discord/0.0.119/modules/pending/discord_desktop_core-1.zip: 55%
12/23/2025, 6:56:11 PM GMT+1 [Modules] Streaming discord_desktop_core@1 to /home/chiisai/.config/discord/0.0.119/modules/pending/discord_desktop_core-1.zip: 56%
12/23/2025, 6:56:11 PM GMT+1 [Modules] Streaming discord_desktop_core@1 to /home/chiisai/.config/discord/0.0.119/modules/pending/discord_desktop_core-1.zip: 57%
12/23/2025, 6:56:11 PM GMT+1 [Modules] Streaming discord_desktop_core@1 to /home/chiisai/.config/discord/0.0.119/modules/pending/discord_desktop_core-1.zip: 58%
12/23/2025, 6:56:11 PM GMT+1 [Modules] Streaming discord_desktop_core@1 to /home/chiisai/.config/discord/0.0.119/modules/pending/discord_desktop_core-1.zip: 59%
12/23/2025, 6:56:11 PM GMT+1 [Modules] Streaming discord_desktop_core@1 to /home/chiisai/.config/discord/0.0.119/modules/pending/discord_desktop_core-1.zip: 60%
12/23/2025, 6:56:11 PM GMT+1 [Modules] Streaming discord_desktop_core@1 to /home/chiisai/.config/discord/0.0.119/modules/pending/discord_desktop_core-1.zip: 61%
12/23/2025, 6:56:11 PM GMT+1 [Modules] Streaming discord_desktop_core@1 to /home/chiisai/.config/discord/0.0.119/modules/pending/discord_desktop_core-1.zip: 62%
12/23/2025, 6:56:11 PM GMT+1 [Modules] Streaming discord_desktop_core@1 to /home/chiisai/.config/discord/0.0.119/modules/pending/discord_desktop_core-1.zip: 63%
12/23/2025, 6:56:11 PM GMT+1 [Modules] Streaming discord_desktop_core@1 to /home/chiisai/.config/discord/0.0.119/modules/pending/discord_desktop_core-1.zip: 64%
12/23/2025, 6:56:11 PM GMT+1 [Modules] Streaming discord_desktop_core@1 to /home/chiisai/.config/discord/0.0.119/modules/pending/discord_desktop_core-1.zip: 65%
12/23/2025, 6:56:11 PM GMT+1 [Modules] Streaming discord_desktop_core@1 to /home/chiisai/.config/discord/0.0.119/modules/pending/discord_desktop_core-1.zip: 66%
12/23/2025, 6:56:11 PM GMT+1 [Modules] Streaming discord_desktop_core@1 to /home/chiisai/.config/discord/0.0.119/modules/pending/discord_desktop_core-1.zip: 67%
12/23/2025, 6:56:11 PM GMT+1 [Modules] Streaming discord_desktop_core@1 to /home/chiisai/.config/discord/0.0.119/modules/pending/discord_desktop_core-1.zip: 68%
12/23/2025, 6:56:11 PM GMT+1 [Modules] Streaming discord_desktop_core@1 to /home/chiisai/.config/discord/0.0.119/modules/pending/discord_desktop_core-1.zip: 69%
12/23/2025, 6:56:11 PM GMT+1 [Modules] Streaming discord_desktop_core@1 to /home/chiisai/.config/discord/0.0.119/modules/pending/discord_desktop_core-1.zip: 70%
12/23/2025, 6:56:11 PM GMT+1 [Modules] Streaming discord_desktop_core@1 to /home/chiisai/.config/discord/0.0.119/modules/pending/discord_desktop_core-1.zip: 71%
12/23/2025, 6:56:11 PM GMT+1 [Modules] Streaming discord_desktop_core@1 to /home/chiisai/.config/discord/0.0.119/modules/pending/discord_desktop_core-1.zip: 72%
12/23/2025, 6:56:11 PM GMT+1 [Modules] Streaming discord_desktop_core@1 to /home/chiisai/.config/discord/0.0.119/modules/pending/discord_desktop_core-1.zip: 73%
12/23/2025, 6:56:11 PM GMT+1 [Modules] Streaming discord_desktop_core@1 to /home/chiisai/.config/discord/0.0.119/modules/pending/discord_desktop_core-1.zip: 74%
12/23/2025, 6:56:11 PM GMT+1 [Modules] Streaming discord_desktop_core@1 to /home/chiisai/.config/discord/0.0.119/modules/pending/discord_desktop_core-1.zip: 75%
12/23/2025, 6:56:11 PM GMT+1 [Modules] Streaming discord_desktop_core@1 to /home/chiisai/.config/discord/0.0.119/modules/pending/discord_desktop_core-1.zip: 76%
12/23/2025, 6:56:11 PM GMT+1 [Modules] Streaming discord_desktop_core@1 to /home/chiisai/.config/discord/0.0.119/modules/pending/discord_desktop_core-1.zip: 77%
12/23/2025, 6:56:11 PM GMT+1 [Modules] Streaming discord_desktop_core@1 to /home/chiisai/.config/discord/0.0.119/modules/pending/discord_desktop_core-1.zip: 78%
12/23/2025, 6:56:11 PM GMT+1 [Modules] Streaming discord_desktop_core@1 to /home/chiisai/.config/discord/0.0.119/modules/pending/discord_desktop_core-1.zip: 80%
12/23/2025, 6:56:11 PM GMT+1 [Modules] Streaming discord_desktop_core@1 to /home/chiisai/.config/discord/0.0.119/modules/pending/discord_desktop_core-1.zip: 81%
12/23/2025, 6:56:11 PM GMT+1 [Modules] Streaming discord_desktop_core@1 to /home/chiisai/.config/discord/0.0.119/modules/pending/discord_desktop_core-1.zip: 82%
12/23/2025, 6:56:11 PM GMT+1 [Modules] Streaming discord_desktop_core@1 to /home/chiisai/.config/discord/0.0.119/modules/pending/discord_desktop_core-1.zip: 83%
12/23/2025, 6:56:11 PM GMT+1 [Modules] Streaming discord_desktop_core@1 to /home/chiisai/.config/discord/0.0.119/modules/pending/discord_desktop_core-1.zip: 84%
12/23/2025, 6:56:11 PM GMT+1 [Modules] Streaming discord_desktop_core@1 to /home/chiisai/.config/discord/0.0.119/modules/pending/discord_desktop_core-1.zip: 85%
12/23/2025, 6:56:11 PM GMT+1 [Modules] Streaming discord_desktop_core@1 to /home/chiisai/.config/discord/0.0.119/modules/pending/discord_desktop_core-1.zip: 86%
12/23/2025, 6:56:11 PM GMT+1 [Modules] Streaming discord_desktop_core@1 to /home/chiisai/.config/discord/0.0.119/modules/pending/discord_desktop_core-1.zip: 87%
12/23/2025, 6:56:11 PM GMT+1 [Modules] Streaming discord_desktop_core@1 to /home/chiisai/.config/discord/0.0.119/modules/pending/discord_desktop_core-1.zip: 88%
12/23/2025, 6:56:11 PM GMT+1 [Modules] Streaming discord_desktop_core@1 to /home/chiisai/.config/discord/0.0.119/modules/pending/discord_desktop_core-1.zip: 89%
12/23/2025, 6:56:11 PM GMT+1 [Modules] Streaming discord_desktop_core@1 to /home/chiisai/.config/discord/0.0.119/modules/pending/discord_desktop_core-1.zip: 90%
12/23/2025, 6:56:11 PM GMT+1 [Modules] Streaming discord_desktop_core@1 to /home/chiisai/.config/discord/0.0.119/modules/pending/discord_desktop_core-1.zip: 92%
12/23/2025, 6:56:11 PM GMT+1 [Modules] Streaming discord_desktop_core@1 to /home/chiisai/.config/discord/0.0.119/modules/pending/discord_desktop_core-1.zip: 93%
12/23/2025, 6:56:11 PM GMT+1 [Modules] Streaming discord_desktop_core@1 to /home/chiisai/.config/discord/0.0.119/modules/pending/discord_desktop_core-1.zip: 94%
12/23/2025, 6:56:11 PM GMT+1 [Modules] Streaming discord_desktop_core@1 to /home/chiisai/.config/discord/0.0.119/modules/pending/discord_desktop_core-1.zip: 95%
12/23/2025, 6:56:11 PM GMT+1 [Modules] Streaming discord_desktop_core@1 to /home/chiisai/.config/discord/0.0.119/modules/pending/discord_desktop_core-1.zip: 96%
12/23/2025, 6:56:11 PM GMT+1 [Modules] Streaming discord_desktop_core@1 to /home/chiisai/.config/discord/0.0.119/modules/pending/discord_desktop_core-1.zip: 97%
12/23/2025, 6:56:11 PM GMT+1 [Modules] Streaming discord_desktop_core@1 to /home/chiisai/.config/discord/0.0.119/modules/pending/discord_desktop_core-1.zip: 98%
12/23/2025, 6:56:11 PM GMT+1 [Modules] Streaming discord_desktop_core@1 to /home/chiisai/.config/discord/0.0.119/modules/pending/discord_desktop_core-1.zip: 99%
12/23/2025, 6:56:11 PM GMT+1 [Modules] Streaming discord_desktop_core@1 to /home/chiisai/.config/discord/0.0.119/modules/pending/discord_desktop_core-1.zip: 100%
12/23/2025, 6:56:11 PM GMT+1 [Modules] Fetching discord_erlpack@1 from https://discord.com/api/modules/stable/discord_erlpack/1
12/23/2025, 6:56:11 PM GMT+1 [Modules] Streaming discord_erlpack@1 to /home/chiisai/.config/discord/0.0.119/modules/pending/discord_erlpack-1.zip
12/23/2025, 6:56:12 PM GMT+1 [Modules] Streaming discord_erlpack@1 to /home/chiisai/.config/discord/0.0.119/modules/pending/discord_erlpack-1.zip: 1%
12/23/2025, 6:56:12 PM GMT+1 [Modules] Streaming discord_erlpack@1 to /home/chiisai/.config/discord/0.0.119/modules/pending/discord_erlpack-1.zip: 2%
12/23/2025, 6:56:12 PM GMT+1 [Modules] Streaming discord_erlpack@1 to /home/chiisai/.config/discord/0.0.119/modules/pending/discord_erlpack-1.zip: 4%
12/23/2025, 6:56:12 PM GMT+1 [Modules] Streaming discord_erlpack@1 to /home/chiisai/.config/discord/0.0.119/modules/pending/discord_erlpack-1.zip: 5%
12/23/2025, 6:56:12 PM GMT+1 [Modules] Streaming discord_erlpack@1 to /home/chiisai/.config/discord/0.0.119/modules/pending/discord_erlpack-1.zip: 7%
12/23/2025, 6:56:12 PM GMT+1 [Modules] Streaming discord_erlpack@1 to /home/chiisai/.config/discord/0.0.119/modules/pending/discord_erlpack-1.zip: 8%
12/23/2025, 6:56:12 PM GMT+1 [Modules] Streaming discord_erlpack@1 to /home/chiisai/.config/discord/0.0.119/modules/pending/discord_erlpack-1.zip: 9%
12/23/2025, 6:56:12 PM GMT+1 [Modules] Streaming discord_erlpack@1 to /home/chiisai/.config/discord/0.0.119/modules/pending/discord_erlpack-1.zip: 10%
12/23/2025, 6:56:12 PM GMT+1 [Modules] Streaming discord_erlpack@1 to /home/chiisai/.config/discord/0.0.119/modules/pending/discord_erlpack-1.zip: 11%
12/23/2025, 6:56:12 PM GMT+1 [Modules] Streaming discord_erlpack@1 to /home/chiisai/.config/discord/0.0.119/modules/pending/discord_erlpack-1.zip: 12%
12/23/2025, 6:56:12 PM GMT+1 [Modules] Streaming discord_erlpack@1 to /home/chiisai/.config/discord/0.0.119/modules/pending/discord_erlpack-1.zip: 13%
12/23/2025, 6:56:12 PM GMT+1 [Modules] Streaming discord_erlpack@1 to /home/chiisai/.config/discord/0.0.119/modules/pending/discord_erlpack-1.zip: 14%
12/23/2025, 6:56:12 PM GMT+1 [Modules] Streaming discord_erlpack@1 to /home/chiisai/.config/discord/0.0.119/modules/pending/discord_erlpack-1.zip: 15%
12/23/2025, 6:56:12 PM GMT+1 [Modules] Streaming discord_erlpack@1 to /home/chiisai/.config/discord/0.0.119/modules/pending/discord_erlpack-1.zip: 16%
12/23/2025, 6:56:12 PM GMT+1 [Modules] Streaming discord_erlpack@1 to /home/chiisai/.config/discord/0.0.119/modules/pending/discord_erlpack-1.zip: 18%
12/23/2025, 6:56:12 PM GMT+1 [Modules] Streaming discord_erlpack@1 to /home/chiisai/.config/discord/0.0.119/modules/pending/discord_erlpack-1.zip: 19%
12/23/2025, 6:56:12 PM GMT+1 [Modules] Streaming discord_erlpack@1 to /home/chiisai/.config/discord/0.0.119/modules/pending/discord_erlpack-1.zip: 20%
12/23/2025, 6:56:12 PM GMT+1 [Modules] Streaming discord_erlpack@1 to /home/chiisai/.config/discord/0.0.119/modules/pending/discord_erlpack-1.zip: 21%
12/23/2025, 6:56:12 PM GMT+1 [Modules] Streaming discord_erlpack@1 to /home/chiisai/.config/discord/0.0.119/modules/pending/discord_erlpack-1.zip: 22%
12/23/2025, 6:56:12 PM GMT+1 [Modules] Streaming discord_erlpack@1 to /home/chiisai/.config/discord/0.0.119/modules/pending/discord_erlpack-1.zip: 23%
12/23/2025, 6:56:12 PM GMT+1 [Modules] Streaming discord_erlpack@1 to /home/chiisai/.config/discord/0.0.119/modules/pending/discord_erlpack-1.zip: 25%
12/23/2025, 6:56:12 PM GMT+1 [Modules] Streaming discord_erlpack@1 to /home/chiisai/.config/discord/0.0.119/modules/pending/discord_erlpack-1.zip: 27%
12/23/2025, 6:56:12 PM GMT+1 [Modules] Streaming discord_erlpack@1 to /home/chiisai/.config/discord/0.0.119/modules/pending/discord_erlpack-1.zip: 28%
12/23/2025, 6:56:12 PM GMT+1 [Modules] Streaming discord_erlpack@1 to /home/chiisai/.config/discord/0.0.119/modules/pending/discord_erlpack-1.zip: 29%
12/23/2025, 6:56:12 PM GMT+1 [Modules] Streaming discord_erlpack@1 to /home/chiisai/.config/discord/0.0.119/modules/pending/discord_erlpack-1.zip: 30%
12/23/2025, 6:56:12 PM GMT+1 [Modules] Streaming discord_erlpack@1 to /home/chiisai/.config/discord/0.0.119/modules/pending/discord_erlpack-1.zip: 31%
12/23/2025, 6:56:12 PM GMT+1 [Modules] Streaming discord_erlpack@1 to /home/chiisai/.config/discord/0.0.119/modules/pending/discord_erlpack-1.zip: 32%
12/23/2025, 6:56:12 PM GMT+1 [Modules] Streaming discord_erlpack@1 to /home/chiisai/.config/discord/0.0.119/modules/pending/discord_erlpack-1.zip: 34%
12/23/2025, 6:56:12 PM GMT+1 [Modules] Streaming discord_erlpack@1 to /home/chiisai/.config/discord/0.0.119/modules/pending/discord_erlpack-1.zip: 35%
12/23/2025, 6:56:12 PM GMT+1 [Modules] Streaming discord_erlpack@1 to /home/chiisai/.config/discord/0.0.119/modules/pending/discord_erlpack-1.zip: 36%
12/23/2025, 6:56:12 PM GMT+1 [Modules] Streaming discord_erlpack@1 to /home/chiisai/.config/discord/0.0.119/modules/pending/discord_erlpack-1.zip: 37%
12/23/2025, 6:56:12 PM GMT+1 [Modules] Streaming discord_erlpack@1 to /home/chiisai/.config/discord/0.0.119/modules/pending/discord_erlpack-1.zip: 38%
12/23/2025, 6:56:12 PM GMT+1 [Modules] Streaming discord_erlpack@1 to /home/chiisai/.config/discord/0.0.119/modules/pending/discord_erlpack-1.zip: 39%
12/23/2025, 6:56:12 PM GMT+1 [Modules] Streaming discord_erlpack@1 to /home/chiisai/.config/discord/0.0.119/modules/pending/discord_erlpack-1.zip: 40%
12/23/2025, 6:56:12 PM GMT+1 [Modules] Streaming discord_erlpack@1 to /home/chiisai/.config/discord/0.0.119/modules/pending/discord_erlpack-1.zip: 41%
12/23/2025, 6:56:12 PM GMT+1 [Modules] Streaming discord_erlpack@1 to /home/chiisai/.config/discord/0.0.119/modules/pending/discord_erlpack-1.zip: 42%
12/23/2025, 6:56:12 PM GMT+1 [Modules] Streaming discord_erlpack@1 to /home/chiisai/.config/discord/0.0.119/modules/pending/discord_erlpack-1.zip: 43%
12/23/2025, 6:56:12 PM GMT+1 [Modules] Streaming discord_erlpack@1 to /home/chiisai/.config/discord/0.0.119/modules/pending/discord_erlpack-1.zip: 45%
12/23/2025, 6:56:12 PM GMT+1 [Modules] Streaming discord_erlpack@1 to /home/chiisai/.config/discord/0.0.119/modules/pending/discord_erlpack-1.zip: 46%
12/23/2025, 6:56:12 PM GMT+1 [Modules] Streaming discord_erlpack@1 to /home/chiisai/.config/discord/0.0.119/modules/pending/discord_erlpack-1.zip: 47%
12/23/2025, 6:56:12 PM GMT+1 [Modules] Streaming discord_erlpack@1 to /home/chiisai/.config/discord/0.0.119/modules/pending/discord_erlpack-1.zip: 48%
12/23/2025, 6:56:12 PM GMT+1 [Modules] Streaming discord_erlpack@1 to /home/chiisai/.config/discord/0.0.119/modules/pending/discord_erlpack-1.zip: 49%
12/23/2025, 6:56:12 PM GMT+1 [Modules] Streaming discord_erlpack@1 to /home/chiisai/.config/discord/0.0.119/modules/pending/discord_erlpack-1.zip: 50%
12/23/2025, 6:56:12 PM GMT+1 [Modules] Streaming discord_erlpack@1 to /home/chiisai/.config/discord/0.0.119/modules/pending/discord_erlpack-1.zip: 51%
12/23/2025, 6:56:12 PM GMT+1 [Modules] Streaming discord_erlpack@1 to /home/chiisai/.config/discord/0.0.119/modules/pending/discord_erlpack-1.zip: 53%
12/23/2025, 6:56:12 PM GMT+1 [Modules] Streaming discord_erlpack@1 to /home/chiisai/.config/discord/0.0.119/modules/pending/discord_erlpack-1.zip: 54%
12/23/2025, 6:56:12 PM GMT+1 [Modules] Streaming discord_erlpack@1 to /home/chiisai/.config/discord/0.0.119/modules/pending/discord_erlpack-1.zip: 55%
12/23/2025, 6:56:12 PM GMT+1 [Modules] Streaming discord_erlpack@1 to /home/chiisai/.config/discord/0.0.119/modules/pending/discord_erlpack-1.zip: 57%
12/23/2025, 6:56:12 PM GMT+1 [Modules] Streaming discord_erlpack@1 to /home/chiisai/.config/discord/0.0.119/modules/pending/discord_erlpack-1.zip: 58%
12/23/2025, 6:56:12 PM GMT+1 [Modules] Streaming discord_erlpack@1 to /home/chiisai/.config/discord/0.0.119/modules/pending/discord_erlpack-1.zip: 60%
12/23/2025, 6:56:12 PM GMT+1 [Modules] Streaming discord_erlpack@1 to /home/chiisai/.config/discord/0.0.119/modules/pending/discord_erlpack-1.zip: 62%
12/23/2025, 6:56:12 PM GMT+1 [Modules] Streaming discord_erlpack@1 to /home/chiisai/.config/discord/0.0.119/modules/pending/discord_erlpack-1.zip: 64%
12/23/2025, 6:56:12 PM GMT+1 [Modules] Streaming discord_erlpack@1 to /home/chiisai/.config/discord/0.0.119/modules/pending/discord_erlpack-1.zip: 65%
12/23/2025, 6:56:12 PM GMT+1 [Modules] Streaming discord_erlpack@1 to /home/chiisai/.config/discord/0.0.119/modules/pending/discord_erlpack-1.zip: 66%
12/23/2025, 6:56:12 PM GMT+1 [Modules] Streaming discord_erlpack@1 to /home/chiisai/.config/discord/0.0.119/modules/pending/discord_erlpack-1.zip: 67%
12/23/2025, 6:56:12 PM GMT+1 [Modules] Streaming discord_erlpack@1 to /home/chiisai/.config/discord/0.0.119/modules/pending/discord_erlpack-1.zip: 68%
12/23/2025, 6:56:12 PM GMT+1 [Modules] Streaming discord_erlpack@1 to /home/chiisai/.config/discord/0.0.119/modules/pending/discord_erlpack-1.zip: 70%
12/23/2025, 6:56:12 PM GMT+1 [Modules] Streaming discord_erlpack@1 to /home/chiisai/.config/discord/0.0.119/modules/pending/discord_erlpack-1.zip: 71%
12/23/2025, 6:56:12 PM GMT+1 [Modules] Streaming discord_erlpack@1 to /home/chiisai/.config/discord/0.0.119/modules/pending/discord_erlpack-1.zip: 73%
12/23/2025, 6:56:12 PM GMT+1 [Modules] Streaming discord_erlpack@1 to /home/chiisai/.config/discord/0.0.119/modules/pending/discord_erlpack-1.zip: 74%
12/23/2025, 6:56:12 PM GMT+1 [Modules] Streaming discord_erlpack@1 to /home/chiisai/.config/discord/0.0.119/modules/pending/discord_erlpack-1.zip: 76%
12/23/2025, 6:56:12 PM GMT+1 [Modules] Streaming discord_erlpack@1 to /home/chiisai/.config/discord/0.0.119/modules/pending/discord_erlpack-1.zip: 77%
12/23/2025, 6:56:12 PM GMT+1 [Modules] Streaming discord_erlpack@1 to /home/chiisai/.config/discord/0.0.119/modules/pending/discord_erlpack-1.zip: 78%
12/23/2025, 6:56:12 PM GMT+1 [Modules] Streaming discord_erlpack@1 to /home/chiisai/.config/discord/0.0.119/modules/pending/discord_erlpack-1.zip: 80%
12/23/2025, 6:56:12 PM GMT+1 [Modules] Streaming discord_erlpack@1 to /home/chiisai/.config/discord/0.0.119/modules/pending/discord_erlpack-1.zip: 81%
12/23/2025, 6:56:12 PM GMT+1 [Modules] Streaming discord_erlpack@1 to /home/chiisai/.config/discord/0.0.119/modules/pending/discord_erlpack-1.zip: 82%
12/23/2025, 6:56:12 PM GMT+1 [Modules] Streaming discord_erlpack@1 to /home/chiisai/.config/discord/0.0.119/modules/pending/discord_erlpack-1.zip: 83%
12/23/2025, 6:56:12 PM GMT+1 [Modules] Streaming discord_erlpack@1 to /home/chiisai/.config/discord/0.0.119/modules/pending/discord_erlpack-1.zip: 84%
12/23/2025, 6:56:12 PM GMT+1 [Modules] Streaming discord_erlpack@1 to /home/chiisai/.config/discord/0.0.119/modules/pending/discord_erlpack-1.zip: 85%
12/23/2025, 6:56:12 PM GMT+1 [Modules] Streaming discord_erlpack@1 to /home/chiisai/.config/discord/0.0.119/modules/pending/discord_erlpack-1.zip: 87%
12/23/2025, 6:56:12 PM GMT+1 [Modules] Streaming discord_erlpack@1 to /home/chiisai/.config/discord/0.0.119/modules/pending/discord_erlpack-1.zip: 89%
12/23/2025, 6:56:12 PM GMT+1 [Modules] Streaming discord_erlpack@1 to /home/chiisai/.config/discord/0.0.119/modules/pending/discord_erlpack-1.zip: 90%
12/23/2025, 6:56:12 PM GMT+1 [Modules] Streaming discord_erlpack@1 to /home/chiisai/.config/discord/0.0.119/modules/pending/discord_erlpack-1.zip: 92%
12/23/2025, 6:56:12 PM GMT+1 [Modules] Streaming discord_erlpack@1 to /home/chiisai/.config/discord/0.0.119/modules/pending/discord_erlpack-1.zip: 93%
12/23/2025, 6:56:12 PM GMT+1 [Modules] Streaming discord_erlpack@1 to /home/chiisai/.config/discord/0.0.119/modules/pending/discord_erlpack-1.zip: 94%
12/23/2025, 6:56:12 PM GMT+1 [Modules] Streaming discord_erlpack@1 to /home/chiisai/.config/discord/0.0.119/modules/pending/discord_erlpack-1.zip: 95%
12/23/2025, 6:56:12 PM GMT+1 [Modules] Streaming discord_erlpack@1 to /home/chiisai/.config/discord/0.0.119/modules/pending/discord_erlpack-1.zip: 97%
12/23/2025, 6:56:12 PM GMT+1 [Modules] Streaming discord_erlpack@1 to /home/chiisai/.config/discord/0.0.119/modules/pending/discord_erlpack-1.zip: 98%
12/23/2025, 6:56:12 PM GMT+1 [Modules] Streaming discord_erlpack@1 to /home/chiisai/.config/discord/0.0.119/modules/pending/discord_erlpack-1.zip: 99%
12/23/2025, 6:56:12 PM GMT+1 [Modules] Streaming discord_erlpack@1 to /home/chiisai/.config/discord/0.0.119/modules/pending/discord_erlpack-1.zip: 100%
12/23/2025, 6:56:12 PM GMT+1 [Modules] Fetching discord_spellcheck@1 from https://discord.com/api/modules/stable/discord_spellcheck/1
12/23/2025, 6:56:12 PM GMT+1 [Modules] Streaming discord_spellcheck@1 to /home/chiisai/.config/discord/0.0.119/modules/pending/discord_spellcheck-1.zip
12/23/2025, 6:56:12 PM GMT+1 [Modules] Streaming discord_spellcheck@1 to /home/chiisai/.config/discord/0.0.119/modules/pending/discord_spellcheck-1.zip: 1%
12/23/2025, 6:56:12 PM GMT+1 [Modules] Streaming discord_spellcheck@1 to /home/chiisai/.config/discord/0.0.119/modules/pending/discord_spellcheck-1.zip: 2%
12/23/2025, 6:56:12 PM GMT+1 [Modules] Streaming discord_spellcheck@1 to /home/chiisai/.config/discord/0.0.119/modules/pending/discord_spellcheck-1.zip: 3%
12/23/2025, 6:56:12 PM GMT+1 [Modules] Streaming discord_spellcheck@1 to /home/chiisai/.config/discord/0.0.119/modules/pending/discord_spellcheck-1.zip: 4%
12/23/2025, 6:56:12 PM GMT+1 [Modules] Streaming discord_spellcheck@1 to /home/chiisai/.config/discord/0.0.119/modules/pending/discord_spellcheck-1.zip: 5%
12/23/2025, 6:56:12 PM GMT+1 [Modules] Streaming discord_spellcheck@1 to /home/chiisai/.config/discord/0.0.119/modules/pending/discord_spellcheck-1.zip: 6%
12/23/2025, 6:56:12 PM GMT+1 [Modules] Streaming discord_spellcheck@1 to /home/chiisai/.config/discord/0.0.119/modules/pending/discord_spellcheck-1.zip: 7%
12/23/2025, 6:56:12 PM GMT+1 [Modules] Streaming discord_spellcheck@1 to /home/chiisai/.config/discord/0.0.119/modules/pending/discord_spellcheck-1.zip: 8%
12/23/2025, 6:56:12 PM GMT+1 [Modules] Streaming discord_spellcheck@1 to /home/chiisai/.config/discord/0.0.119/modules/pending/discord_spellcheck-1.zip: 9%
12/23/2025, 6:56:12 PM GMT+1 [Modules] Streaming discord_spellcheck@1 to /home/chiisai/.config/discord/0.0.119/modules/pending/discord_spellcheck-1.zip: 10%
12/23/2025, 6:56:12 PM GMT+1 [Modules] Streaming discord_spellcheck@1 to /home/chiisai/.config/discord/0.0.119/modules/pending/discord_spellcheck-1.zip: 11%
12/23/2025, 6:56:12 PM GMT+1 [Modules] Streaming discord_spellcheck@1 to /home/chiisai/.config/discord/0.0.119/modules/pending/discord_spellcheck-1.zip: 12%
12/23/2025, 6:56:12 PM GMT+1 [Modules] Streaming discord_spellcheck@1 to /home/chiisai/.config/discord/0.0.119/modules/pending/discord_spellcheck-1.zip: 13%
12/23/2025, 6:56:12 PM GMT+1 [Modules] Streaming discord_spellcheck@1 to /home/chiisai/.config/discord/0.0.119/modules/pending/discord_spellcheck-1.zip: 14%
12/23/2025, 6:56:12 PM GMT+1 [Modules] Streaming discord_spellcheck@1 to /home/chiisai/.config/discord/0.0.119/modules/pending/discord_spellcheck-1.zip: 15%
12/23/2025, 6:56:12 PM GMT+1 [Modules] Streaming discord_spellcheck@1 to /home/chiisai/.config/discord/0.0.119/modules/pending/discord_spellcheck-1.zip: 16%
12/23/2025, 6:56:12 PM GMT+1 [Modules] Streaming discord_spellcheck@1 to /home/chiisai/.config/discord/0.0.119/modules/pending/discord_spellcheck-1.zip: 17%
12/23/2025, 6:56:12 PM GMT+1 [Modules] Streaming discord_spellcheck@1 to /home/chiisai/.config/discord/0.0.119/modules/pending/discord_spellcheck-1.zip: 18%
12/23/2025, 6:56:12 PM GMT+1 [Modules] Streaming discord_spellcheck@1 to /home/chiisai/.config/discord/0.0.119/modules/pending/discord_spellcheck-1.zip: 19%
12/23/2025, 6:56:12 PM GMT+1 [Modules] Streaming discord_spellcheck@1 to /home/chiisai/.config/discord/0.0.119/modules/pending/discord_spellcheck-1.zip: 20%
12/23/2025, 6:56:12 PM GMT+1 [Modules] Streaming discord_spellcheck@1 to /home/chiisai/.config/discord/0.0.119/modules/pending/discord_spellcheck-1.zip: 21%
12/23/2025, 6:56:12 PM GMT+1 [Modules] Streaming discord_spellcheck@1 to /home/chiisai/.config/discord/0.0.119/modules/pending/discord_spellcheck-1.zip: 22%
12/23/2025, 6:56:12 PM GMT+1 [Modules] Streaming discord_spellcheck@1 to /home/chiisai/.config/discord/0.0.119/modules/pending/discord_spellcheck-1.zip: 23%
12/23/2025, 6:56:12 PM GMT+1 [Modules] Streaming discord_spellcheck@1 to /home/chiisai/.config/discord/0.0.119/modules/pending/discord_spellcheck-1.zip: 24%
12/23/2025, 6:56:12 PM GMT+1 [Modules] Streaming discord_spellcheck@1 to /home/chiisai/.config/discord/0.0.119/modules/pending/discord_spellcheck-1.zip: 25%
12/23/2025, 6:56:12 PM GMT+1 [Modules] Streaming discord_spellcheck@1 to /home/chiisai/.config/discord/0.0.119/modules/pending/discord_spellcheck-1.zip: 26%
12/23/2025, 6:56:12 PM GMT+1 [Modules] Streaming discord_spellcheck@1 to /home/chiisai/.config/discord/0.0.119/modules/pending/discord_spellcheck-1.zip: 27%
12/23/2025, 6:56:12 PM GMT+1 [Modules] Streaming discord_spellcheck@1 to /home/chiisai/.config/discord/0.0.119/modules/pending/discord_spellcheck-1.zip: 28%
12/23/2025, 6:56:13 PM GMT+1 [Modules] Streaming discord_spellcheck@1 to /home/chiisai/.config/discord/0.0.119/modules/pending/discord_spellcheck-1.zip: 29%
12/23/2025, 6:56:13 PM GMT+1 [Modules] Streaming discord_spellcheck@1 to /home/chiisai/.config/discord/0.0.119/modules/pending/discord_spellcheck-1.zip: 30%
12/23/2025, 6:56:13 PM GMT+1 [Modules] Streaming discord_spellcheck@1 to /home/chiisai/.config/discord/0.0.119/modules/pending/discord_spellcheck-1.zip: 31%
12/23/2025, 6:56:13 PM GMT+1 [Modules] Streaming discord_spellcheck@1 to /home/chiisai/.config/discord/0.0.119/modules/pending/discord_spellcheck-1.zip: 32%
12/23/2025, 6:56:13 PM GMT+1 [Modules] Streaming discord_spellcheck@1 to /home/chiisai/.config/discord/0.0.119/modules/pending/discord_spellcheck-1.zip: 33%
12/23/2025, 6:56:13 PM GMT+1 [Modules] Streaming discord_spellcheck@1 to /home/chiisai/.config/discord/0.0.119/modules/pending/discord_spellcheck-1.zip: 34%
12/23/2025, 6:56:13 PM GMT+1 [Modules] Streaming discord_spellcheck@1 to /home/chiisai/.config/discord/0.0.119/modules/pending/discord_spellcheck-1.zip: 35%
12/23/2025, 6:56:13 PM GMT+1 [Modules] Streaming discord_spellcheck@1 to /home/chiisai/.config/discord/0.0.119/modules/pending/discord_spellcheck-1.zip: 36%
12/23/2025, 6:56:13 PM GMT+1 [Modules] Streaming discord_spellcheck@1 to /home/chiisai/.config/discord/0.0.119/modules/pending/discord_spellcheck-1.zip: 37%
12/23/2025, 6:56:13 PM GMT+1 [Modules] Streaming discord_spellcheck@1 to /home/chiisai/.config/discord/0.0.119/modules/pending/discord_spellcheck-1.zip: 38%
12/23/2025, 6:56:13 PM GMT+1 [Modules] Streaming discord_spellcheck@1 to /home/chiisai/.config/discord/0.0.119/modules/pending/discord_spellcheck-1.zip: 39%
12/23/2025, 6:56:13 PM GMT+1 [Modules] Streaming discord_spellcheck@1 to /home/chiisai/.config/discord/0.0.119/modules/pending/discord_spellcheck-1.zip: 40%
12/23/2025, 6:56:13 PM GMT+1 [Modules] Streaming discord_spellcheck@1 to /home/chiisai/.config/discord/0.0.119/modules/pending/discord_spellcheck-1.zip: 41%
12/23/2025, 6:56:13 PM GMT+1 [Modules] Streaming discord_spellcheck@1 to /home/chiisai/.config/discord/0.0.119/modules/pending/discord_spellcheck-1.zip: 42%
12/23/2025, 6:56:13 PM GMT+1 [Modules] Streaming discord_spellcheck@1 to /home/chiisai/.config/discord/0.0.119/modules/pending/discord_spellcheck-1.zip: 43%
12/23/2025, 6:56:13 PM GMT+1 [Modules] Streaming discord_spellcheck@1 to /home/chiisai/.config/discord/0.0.119/modules/pending/discord_spellcheck-1.zip: 44%
12/23/2025, 6:56:13 PM GMT+1 [Modules] Streaming discord_spellcheck@1 to /home/chiisai/.config/discord/0.0.119/modules/pending/discord_spellcheck-1.zip: 45%
12/23/2025, 6:56:13 PM GMT+1 [Modules] Streaming discord_spellcheck@1 to /home/chiisai/.config/discord/0.0.119/modules/pending/discord_spellcheck-1.zip: 46%
12/23/2025, 6:56:13 PM GMT+1 [Modules] Streaming discord_spellcheck@1 to /home/chiisai/.config/discord/0.0.119/modules/pending/discord_spellcheck-1.zip: 47%
12/23/2025, 6:56:13 PM GMT+1 [Modules] Streaming discord_spellcheck@1 to /home/chiisai/.config/discord/0.0.119/modules/pending/discord_spellcheck-1.zip: 48%
12/23/2025, 6:56:13 PM GMT+1 [Modules] Streaming discord_spellcheck@1 to /home/chiisai/.config/discord/0.0.119/modules/pending/discord_spellcheck-1.zip: 49%
12/23/2025, 6:56:13 PM GMT+1 [Modules] Streaming discord_spellcheck@1 to /home/chiisai/.config/discord/0.0.119/modules/pending/discord_spellcheck-1.zip: 50%
12/23/2025, 6:56:13 PM GMT+1 [Modules] Streaming discord_spellcheck@1 to /home/chiisai/.config/discord/0.0.119/modules/pending/discord_spellcheck-1.zip: 51%
12/23/2025, 6:56:13 PM GMT+1 [Modules] Streaming discord_spellcheck@1 to /home/chiisai/.config/discord/0.0.119/modules/pending/discord_spellcheck-1.zip: 52%
12/23/2025, 6:56:13 PM GMT+1 [Modules] Streaming discord_spellcheck@1 to /home/chiisai/.config/discord/0.0.119/modules/pending/discord_spellcheck-1.zip: 53%
12/23/2025, 6:56:13 PM GMT+1 [Modules] Streaming discord_spellcheck@1 to /home/chiisai/.config/discord/0.0.119/modules/pending/discord_spellcheck-1.zip: 54%
12/23/2025, 6:56:13 PM GMT+1 [Modules] Streaming discord_spellcheck@1 to /home/chiisai/.config/discord/0.0.119/modules/pending/discord_spellcheck-1.zip: 55%
12/23/2025, 6:56:13 PM GMT+1 [Modules] Streaming discord_spellcheck@1 to /home/chiisai/.config/discord/0.0.119/modules/pending/discord_spellcheck-1.zip: 56%
12/23/2025, 6:56:13 PM GMT+1 [Modules] Streaming discord_spellcheck@1 to /home/chiisai/.config/discord/0.0.119/modules/pending/discord_spellcheck-1.zip: 57%
12/23/2025, 6:56:13 PM GMT+1 [Modules] Streaming discord_spellcheck@1 to /home/chiisai/.config/discord/0.0.119/modules/pending/discord_spellcheck-1.zip: 58%
12/23/2025, 6:56:13 PM GMT+1 [Modules] Streaming discord_spellcheck@1 to /home/chiisai/.config/discord/0.0.119/modules/pending/discord_spellcheck-1.zip: 59%
12/23/2025, 6:56:13 PM GMT+1 [Modules] Streaming discord_spellcheck@1 to /home/chiisai/.config/discord/0.0.119/modules/pending/discord_spellcheck-1.zip: 60%
12/23/2025, 6:56:13 PM GMT+1 [Modules] Streaming discord_spellcheck@1 to /home/chiisai/.config/discord/0.0.119/modules/pending/discord_spellcheck-1.zip: 61%
12/23/2025, 6:56:13 PM GMT+1 [Modules] Streaming discord_spellcheck@1 to /home/chiisai/.config/discord/0.0.119/modules/pending/discord_spellcheck-1.zip: 62%
12/23/2025, 6:56:13 PM GMT+1 [Modules] Streaming discord_spellcheck@1 to /home/chiisai/.config/discord/0.0.119/modules/pending/discord_spellcheck-1.zip: 63%
12/23/2025, 6:56:13 PM GMT+1 [Modules] Streaming discord_spellcheck@1 to /home/chiisai/.config/discord/0.0.119/modules/pending/discord_spellcheck-1.zip: 64%
12/23/2025, 6:56:13 PM GMT+1 [Modules] Streaming discord_spellcheck@1 to /home/chiisai/.config/discord/0.0.119/modules/pending/discord_spellcheck-1.zip: 65%
12/23/2025, 6:56:13 PM GMT+1 [Modules] Streaming discord_spellcheck@1 to /home/chiisai/.config/discord/0.0.119/modules/pending/discord_spellcheck-1.zip: 66%
12/23/2025, 6:56:13 PM GMT+1 [Modules] Streaming discord_spellcheck@1 to /home/chiisai/.config/discord/0.0.119/modules/pending/discord_spellcheck-1.zip: 67%
12/23/2025, 6:56:13 PM GMT+1 [Modules] Streaming discord_spellcheck@1 to /home/chiisai/.config/discord/0.0.119/modules/pending/discord_spellcheck-1.zip: 68%
12/23/2025, 6:56:13 PM GMT+1 [Modules] Streaming discord_spellcheck@1 to /home/chiisai/.config/discord/0.0.119/modules/pending/discord_spellcheck-1.zip: 69%
12/23/2025, 6:56:13 PM GMT+1 [Modules] Streaming discord_spellcheck@1 to /home/chiisai/.config/discord/0.0.119/modules/pending/discord_spellcheck-1.zip: 70%
12/23/2025, 6:56:13 PM GMT+1 [Modules] Streaming discord_spellcheck@1 to /home/chiisai/.config/discord/0.0.119/modules/pending/discord_spellcheck-1.zip: 71%
12/23/2025, 6:56:13 PM GMT+1 [Modules] Streaming discord_spellcheck@1 to /home/chiisai/.config/discord/0.0.119/modules/pending/discord_spellcheck-1.zip: 72%
12/23/2025, 6:56:13 PM GMT+1 [Modules] Streaming discord_spellcheck@1 to /home/chiisai/.config/discord/0.0.119/modules/pending/discord_spellcheck-1.zip: 73%
12/23/2025, 6:56:13 PM GMT+1 [Modules] Streaming discord_spellcheck@1 to /home/chiisai/.config/discord/0.0.119/modules/pending/discord_spellcheck-1.zip: 74%
12/23/2025, 6:56:13 PM GMT+1 [Modules] Streaming discord_spellcheck@1 to /home/chiisai/.config/discord/0.0.119/modules/pending/discord_spellcheck-1.zip: 75%
12/23/2025, 6:56:13 PM GMT+1 [Modules] Streaming discord_spellcheck@1 to /home/chiisai/.config/discord/0.0.119/modules/pending/discord_spellcheck-1.zip: 76%
12/23/2025, 6:56:13 PM GMT+1 [Modules] Streaming discord_spellcheck@1 to /home/chiisai/.config/discord/0.0.119/modules/pending/discord_spellcheck-1.zip: 77%
12/23/2025, 6:56:13 PM GMT+1 [Modules] Streaming discord_spellcheck@1 to /home/chiisai/.config/discord/0.0.119/modules/pending/discord_spellcheck-1.zip: 78%
12/23/2025, 6:56:13 PM GMT+1 [Modules] Streaming discord_spellcheck@1 to /home/chiisai/.config/discord/0.0.119/modules/pending/discord_spellcheck-1.zip: 79%
12/23/2025, 6:56:13 PM GMT+1 [Modules] Streaming discord_spellcheck@1 to /home/chiisai/.config/discord/0.0.119/modules/pending/discord_spellcheck-1.zip: 80%
12/23/2025, 6:56:13 PM GMT+1 [Modules] Streaming discord_spellcheck@1 to /home/chiisai/.config/discord/0.0.119/modules/pending/discord_spellcheck-1.zip: 81%
12/23/2025, 6:56:13 PM GMT+1 [Modules] Streaming discord_spellcheck@1 to /home/chiisai/.config/discord/0.0.119/modules/pending/discord_spellcheck-1.zip: 82%
12/23/2025, 6:56:13 PM GMT+1 [Modules] Streaming discord_spellcheck@1 to /home/chiisai/.config/discord/0.0.119/modules/pending/discord_spellcheck-1.zip: 83%
12/23/2025, 6:56:13 PM GMT+1 [Modules] Streaming discord_spellcheck@1 to /home/chiisai/.config/discord/0.0.119/modules/pending/discord_spellcheck-1.zip: 84%
12/23/2025, 6:56:13 PM GMT+1 [Modules] Streaming discord_spellcheck@1 to /home/chiisai/.config/discord/0.0.119/modules/pending/discord_spellcheck-1.zip: 85%
12/23/2025, 6:56:13 PM GMT+1 [Modules] Streaming discord_spellcheck@1 to /home/chiisai/.config/discord/0.0.119/modules/pending/discord_spellcheck-1.zip: 86%
12/23/2025, 6:56:13 PM GMT+1 [Modules] Streaming discord_spellcheck@1 to /home/chiisai/.config/discord/0.0.119/modules/pending/discord_spellcheck-1.zip: 87%
12/23/2025, 6:56:13 PM GMT+1 [Modules] Streaming discord_spellcheck@1 to /home/chiisai/.config/discord/0.0.119/modules/pending/discord_spellcheck-1.zip: 88%
12/23/2025, 6:56:13 PM GMT+1 [Modules] Streaming discord_spellcheck@1 to /home/chiisai/.config/discord/0.0.119/modules/pending/discord_spellcheck-1.zip: 89%
12/23/2025, 6:56:13 PM GMT+1 [Modules] Streaming discord_spellcheck@1 to /home/chiisai/.config/discord/0.0.119/modules/pending/discord_spellcheck-1.zip: 90%
12/23/2025, 6:56:13 PM GMT+1 [Modules] Streaming discord_spellcheck@1 to /home/chiisai/.config/discord/0.0.119/modules/pending/discord_spellcheck-1.zip: 91%
12/23/2025, 6:56:13 PM GMT+1 [Modules] Streaming discord_spellcheck@1 to /home/chiisai/.config/discord/0.0.119/modules/pending/discord_spellcheck-1.zip: 92%
12/23/2025, 6:56:13 PM GMT+1 [Modules] Streaming discord_spellcheck@1 to /home/chiisai/.config/discord/0.0.119/modules/pending/discord_spellcheck-1.zip: 93%
12/23/2025, 6:56:13 PM GMT+1 [Modules] Streaming discord_spellcheck@1 to /home/chiisai/.config/discord/0.0.119/modules/pending/discord_spellcheck-1.zip: 94%
12/23/2025, 6:56:13 PM GMT+1 [Modules] Streaming discord_spellcheck@1 to /home/chiisai/.config/discord/0.0.119/modules/pending/discord_spellcheck-1.zip: 95%
12/23/2025, 6:56:13 PM GMT+1 [Modules] Streaming discord_spellcheck@1 to /home/chiisai/.config/discord/0.0.119/modules/pending/discord_spellcheck-1.zip: 96%
12/23/2025, 6:56:13 PM GMT+1 [Modules] Streaming discord_spellcheck@1 to /home/chiisai/.config/discord/0.0.119/modules/pending/discord_spellcheck-1.zip: 97%
12/23/2025, 6:56:13 PM GMT+1 [Modules] Streaming discord_spellcheck@1 to /home/chiisai/.config/discord/0.0.119/modules/pending/discord_spellcheck-1.zip: 98%
12/23/2025, 6:56:13 PM GMT+1 [Modules] Streaming discord_spellcheck@1 to /home/chiisai/.config/discord/0.0.119/modules/pending/discord_spellcheck-1.zip: 99%
12/23/2025, 6:56:13 PM GMT+1 [Modules] Streaming discord_spellcheck@1 to /home/chiisai/.config/discord/0.0.119/modules/pending/discord_spellcheck-1.zip: 100%
12/23/2025, 6:56:13 PM GMT+1 [Modules] Fetching discord_utils@1 from https://discord.com/api/modules/stable/discord_utils/1
12/23/2025, 6:56:13 PM GMT+1 [Modules] Streaming discord_utils@1 to /home/chiisai/.config/discord/0.0.119/modules/pending/discord_utils-1.zip
12/23/2025, 6:56:14 PM GMT+1 [Modules] Streaming discord_utils@1 to /home/chiisai/.config/discord/0.0.119/modules/pending/discord_utils-1.zip: 1%
12/23/2025, 6:56:14 PM GMT+1 [Modules] Streaming discord_utils@1 to /home/chiisai/.config/discord/0.0.119/modules/pending/discord_utils-1.zip: 2%
12/23/2025, 6:56:14 PM GMT+1 [Modules] Streaming discord_utils@1 to /home/chiisai/.config/discord/0.0.119/modules/pending/discord_utils-1.zip: 3%
12/23/2025, 6:56:14 PM GMT+1 [Modules] Streaming discord_utils@1 to /home/chiisai/.config/discord/0.0.119/modules/pending/discord_utils-1.zip: 4%
12/23/2025, 6:56:14 PM GMT+1 [Modules] Streaming discord_utils@1 to /home/chiisai/.config/discord/0.0.119/modules/pending/discord_utils-1.zip: 5%
12/23/2025, 6:56:14 PM GMT+1 [Modules] Streaming discord_utils@1 to /home/chiisai/.config/discord/0.0.119/modules/pending/discord_utils-1.zip: 6%
12/23/2025, 6:56:14 PM GMT+1 [Modules] Streaming discord_utils@1 to /home/chiisai/.config/discord/0.0.119/modules/pending/discord_utils-1.zip: 7%
12/23/2025, 6:56:14 PM GMT+1 [Modules] Streaming discord_utils@1 to /home/chiisai/.config/discord/0.0.119/modules/pending/discord_utils-1.zip: 8%
12/23/2025, 6:56:14 PM GMT+1 [Modules] Streaming discord_utils@1 to /home/chiisai/.config/discord/0.0.119/modules/pending/discord_utils-1.zip: 9%
12/23/2025, 6:56:14 PM GMT+1 [Modules] Streaming discord_utils@1 to /home/chiisai/.config/discord/0.0.119/modules/pending/discord_utils-1.zip: 10%
12/23/2025, 6:56:14 PM GMT+1 [Modules] Streaming discord_utils@1 to /home/chiisai/.config/discord/0.0.119/modules/pending/discord_utils-1.zip: 11%
12/23/2025, 6:56:14 PM GMT+1 [Modules] Streaming discord_utils@1 to /home/chiisai/.config/discord/0.0.119/modules/pending/discord_utils-1.zip: 12%
12/23/2025, 6:56:14 PM GMT+1 [Modules] Streaming discord_utils@1 to /home/chiisai/.config/discord/0.0.119/modules/pending/discord_utils-1.zip: 13%
12/23/2025, 6:56:14 PM GMT+1 [Modules] Streaming discord_utils@1 to /home/chiisai/.config/discord/0.0.119/modules/pending/discord_utils-1.zip: 14%
12/23/2025, 6:56:14 PM GMT+1 [Modules] Streaming discord_utils@1 to /home/chiisai/.config/discord/0.0.119/modules/pending/discord_utils-1.zip: 15%
12/23/2025, 6:56:14 PM GMT+1 [Modules] Streaming discord_utils@1 to /home/chiisai/.config/discord/0.0.119/modules/pending/discord_utils-1.zip: 16%
12/23/2025, 6:56:14 PM GMT+1 [Modules] Streaming discord_utils@1 to /home/chiisai/.config/discord/0.0.119/modules/pending/discord_utils-1.zip: 17%
12/23/2025, 6:56:14 PM GMT+1 [Modules] Streaming discord_utils@1 to /home/chiisai/.config/discord/0.0.119/modules/pending/discord_utils-1.zip: 18%
12/23/2025, 6:56:14 PM GMT+1 [Modules] Streaming discord_utils@1 to /home/chiisai/.config/discord/0.0.119/modules/pending/discord_utils-1.zip: 19%
12/23/2025, 6:56:14 PM GMT+1 [Modules] Streaming discord_utils@1 to /home/chiisai/.config/discord/0.0.119/modules/pending/discord_utils-1.zip: 20%
12/23/2025, 6:56:14 PM GMT+1 [Modules] Streaming discord_utils@1 to /home/chiisai/.config/discord/0.0.119/modules/pending/discord_utils-1.zip: 21%
12/23/2025, 6:56:14 PM GMT+1 [Modules] Streaming discord_utils@1 to /home/chiisai/.config/discord/0.0.119/modules/pending/discord_utils-1.zip: 22%
12/23/2025, 6:56:14 PM GMT+1 [Modules] Streaming discord_utils@1 to /home/chiisai/.config/discord/0.0.119/modules/pending/discord_utils-1.zip: 23%
12/23/2025, 6:56:14 PM GMT+1 [Modules] Streaming discord_utils@1 to /home/chiisai/.config/discord/0.0.119/modules/pending/discord_utils-1.zip: 24%
12/23/2025, 6:56:14 PM GMT+1 [Modules] Streaming discord_utils@1 to /home/chiisai/.config/discord/0.0.119/modules/pending/discord_utils-1.zip: 25%
12/23/2025, 6:56:14 PM GMT+1 [Modules] Streaming discord_utils@1 to /home/chiisai/.config/discord/0.0.119/modules/pending/discord_utils-1.zip: 26%
12/23/2025, 6:56:14 PM GMT+1 [Modules] Streaming discord_utils@1 to /home/chiisai/.config/discord/0.0.119/modules/pending/discord_utils-1.zip: 27%
12/23/2025, 6:56:14 PM GMT+1 [Modules] Streaming discord_utils@1 to /home/chiisai/.config/discord/0.0.119/modules/pending/discord_utils-1.zip: 28%
12/23/2025, 6:56:14 PM GMT+1 [Modules] Streaming discord_utils@1 to /home/chiisai/.config/discord/0.0.119/modules/pending/discord_utils-1.zip: 29%
12/23/2025, 6:56:14 PM GMT+1 [Modules] Streaming discord_utils@1 to /home/chiisai/.config/discord/0.0.119/modules/pending/discord_utils-1.zip: 30%
12/23/2025, 6:56:14 PM GMT+1 [Modules] Streaming discord_utils@1 to /home/chiisai/.config/discord/0.0.119/modules/pending/discord_utils-1.zip: 31%
12/23/2025, 6:56:14 PM GMT+1 [Modules] Streaming discord_utils@1 to /home/chiisai/.config/discord/0.0.119/modules/pending/discord_utils-1.zip: 32%
12/23/2025, 6:56:14 PM GMT+1 [Modules] Streaming discord_utils@1 to /home/chiisai/.config/discord/0.0.119/modules/pending/discord_utils-1.zip: 33%
12/23/2025, 6:56:14 PM GMT+1 [Modules] Streaming discord_utils@1 to /home/chiisai/.config/discord/0.0.119/modules/pending/discord_utils-1.zip: 34%
12/23/2025, 6:56:14 PM GMT+1 [Modules] Streaming discord_utils@1 to /home/chiisai/.config/discord/0.0.119/modules/pending/discord_utils-1.zip: 35%
12/23/2025, 6:56:14 PM GMT+1 [Modules] Streaming discord_utils@1 to /home/chiisai/.config/discord/0.0.119/modules/pending/discord_utils-1.zip: 36%
12/23/2025, 6:56:14 PM GMT+1 [Modules] Streaming discord_utils@1 to /home/chiisai/.config/discord/0.0.119/modules/pending/discord_utils-1.zip: 37%
12/23/2025, 6:56:14 PM GMT+1 [Modules] Streaming discord_utils@1 to /home/chiisai/.config/discord/0.0.119/modules/pending/discord_utils-1.zip: 38%
12/23/2025, 6:56:14 PM GMT+1 [Modules] Streaming discord_utils@1 to /home/chiisai/.config/discord/0.0.119/modules/pending/discord_utils-1.zip: 39%
12/23/2025, 6:56:14 PM GMT+1 [Modules] Streaming discord_utils@1 to /home/chiisai/.config/discord/0.0.119/modules/pending/discord_utils-1.zip: 40%
12/23/2025, 6:56:14 PM GMT+1 [Modules] Streaming discord_utils@1 to /home/chiisai/.config/discord/0.0.119/modules/pending/discord_utils-1.zip: 41%
12/23/2025, 6:56:14 PM GMT+1 [Modules] Streaming discord_utils@1 to /home/chiisai/.config/discord/0.0.119/modules/pending/discord_utils-1.zip: 42%
12/23/2025, 6:56:14 PM GMT+1 [Modules] Streaming discord_utils@1 to /home/chiisai/.config/discord/0.0.119/modules/pending/discord_utils-1.zip: 43%
12/23/2025, 6:56:14 PM GMT+1 [Modules] Streaming discord_utils@1 to /home/chiisai/.config/discord/0.0.119/modules/pending/discord_utils-1.zip: 44%
12/23/2025, 6:56:14 PM GMT+1 [Modules] Streaming discord_utils@1 to /home/chiisai/.config/discord/0.0.119/modules/pending/discord_utils-1.zip: 45%
12/23/2025, 6:56:14 PM GMT+1 [Modules] Streaming discord_utils@1 to /home/chiisai/.config/discord/0.0.119/modules/pending/discord_utils-1.zip: 46%
12/23/2025, 6:56:14 PM GMT+1 [Modules] Streaming discord_utils@1 to /home/chiisai/.config/discord/0.0.119/modules/pending/discord_utils-1.zip: 47%
12/23/2025, 6:56:14 PM GMT+1 [Modules] Streaming discord_utils@1 to /home/chiisai/.config/discord/0.0.119/modules/pending/discord_utils-1.zip: 48%
12/23/2025, 6:56:14 PM GMT+1 [Modules] Streaming discord_utils@1 to /home/chiisai/.config/discord/0.0.119/modules/pending/discord_utils-1.zip: 49%
12/23/2025, 6:56:14 PM GMT+1 [Modules] Streaming discord_utils@1 to /home/chiisai/.config/discord/0.0.119/modules/pending/discord_utils-1.zip: 50%
12/23/2025, 6:56:14 PM GMT+1 [Modules] Streaming discord_utils@1 to /home/chiisai/.config/discord/0.0.119/modules/pending/discord_utils-1.zip: 51%
12/23/2025, 6:56:14 PM GMT+1 [Modules] Streaming discord_utils@1 to /home/chiisai/.config/discord/0.0.119/modules/pending/discord_utils-1.zip: 52%
12/23/2025, 6:56:14 PM GMT+1 [Modules] Streaming discord_utils@1 to /home/chiisai/.config/discord/0.0.119/modules/pending/discord_utils-1.zip: 53%
12/23/2025, 6:56:14 PM GMT+1 [Modules] Streaming discord_utils@1 to /home/chiisai/.config/discord/0.0.119/modules/pending/discord_utils-1.zip: 54%
12/23/2025, 6:56:14 PM GMT+1 [Modules] Streaming discord_utils@1 to /home/chiisai/.config/discord/0.0.119/modules/pending/discord_utils-1.zip: 55%
12/23/2025, 6:56:14 PM GMT+1 [Modules] Streaming discord_utils@1 to /home/chiisai/.config/discord/0.0.119/modules/pending/discord_utils-1.zip: 56%
12/23/2025, 6:56:14 PM GMT+1 [Modules] Streaming discord_utils@1 to /home/chiisai/.config/discord/0.0.119/modules/pending/discord_utils-1.zip: 57%
12/23/2025, 6:56:14 PM GMT+1 [Modules] Streaming discord_utils@1 to /home/chiisai/.config/discord/0.0.119/modules/pending/discord_utils-1.zip: 58%
12/23/2025, 6:56:14 PM GMT+1 [Modules] Streaming discord_utils@1 to /home/chiisai/.config/discord/0.0.119/modules/pending/discord_utils-1.zip: 59%
12/23/2025, 6:56:14 PM GMT+1 [Modules] Streaming discord_utils@1 to /home/chiisai/.config/discord/0.0.119/modules/pending/discord_utils-1.zip: 60%
12/23/2025, 6:56:14 PM GMT+1 [Modules] Streaming discord_utils@1 to /home/chiisai/.config/discord/0.0.119/modules/pending/discord_utils-1.zip: 61%
12/23/2025, 6:56:14 PM GMT+1 [Modules] Streaming discord_utils@1 to /home/chiisai/.config/discord/0.0.119/modules/pending/discord_utils-1.zip: 62%
12/23/2025, 6:56:14 PM GMT+1 [Modules] Streaming discord_utils@1 to /home/chiisai/.config/discord/0.0.119/modules/pending/discord_utils-1.zip: 63%
12/23/2025, 6:56:14 PM GMT+1 [Modules] Streaming discord_utils@1 to /home/chiisai/.config/discord/0.0.119/modules/pending/discord_utils-1.zip: 64%
12/23/2025, 6:56:14 PM GMT+1 [Modules] Streaming discord_utils@1 to /home/chiisai/.config/discord/0.0.119/modules/pending/discord_utils-1.zip: 65%
12/23/2025, 6:56:14 PM GMT+1 [Modules] Streaming discord_utils@1 to /home/chiisai/.config/discord/0.0.119/modules/pending/discord_utils-1.zip: 66%
12/23/2025, 6:56:14 PM GMT+1 [Modules] Streaming discord_utils@1 to /home/chiisai/.config/discord/0.0.119/modules/pending/discord_utils-1.zip: 67%
12/23/2025, 6:56:14 PM GMT+1 [Modules] Streaming discord_utils@1 to /home/chiisai/.config/discord/0.0.119/modules/pending/discord_utils-1.zip: 68%
12/23/2025, 6:56:14 PM GMT+1 [Modules] Streaming discord_utils@1 to /home/chiisai/.config/discord/0.0.119/modules/pending/discord_utils-1.zip: 69%
12/23/2025, 6:56:14 PM GMT+1 [Modules] Streaming discord_utils@1 to /home/chiisai/.config/discord/0.0.119/modules/pending/discord_utils-1.zip: 70%
12/23/2025, 6:56:14 PM GMT+1 [Modules] Streaming discord_utils@1 to /home/chiisai/.config/discord/0.0.119/modules/pending/discord_utils-1.zip: 71%
12/23/2025, 6:56:14 PM GMT+1 [Modules] Streaming discord_utils@1 to /home/chiisai/.config/discord/0.0.119/modules/pending/discord_utils-1.zip: 72%
12/23/2025, 6:56:14 PM GMT+1 [Modules] Streaming discord_utils@1 to /home/chiisai/.config/discord/0.0.119/modules/pending/discord_utils-1.zip: 73%
12/23/2025, 6:56:14 PM GMT+1 [Modules] Streaming discord_utils@1 to /home/chiisai/.config/discord/0.0.119/modules/pending/discord_utils-1.zip: 74%
12/23/2025, 6:56:14 PM GMT+1 [Modules] Streaming discord_utils@1 to /home/chiisai/.config/discord/0.0.119/modules/pending/discord_utils-1.zip: 75%
12/23/2025, 6:56:14 PM GMT+1 [Modules] Streaming discord_utils@1 to /home/chiisai/.config/discord/0.0.119/modules/pending/discord_utils-1.zip: 76%
12/23/2025, 6:56:14 PM GMT+1 [Modules] Streaming discord_utils@1 to /home/chiisai/.config/discord/0.0.119/modules/pending/discord_utils-1.zip: 77%
12/23/2025, 6:56:14 PM GMT+1 [Modules] Streaming discord_utils@1 to /home/chiisai/.config/discord/0.0.119/modules/pending/discord_utils-1.zip: 78%
12/23/2025, 6:56:14 PM GMT+1 [Modules] Streaming discord_utils@1 to /home/chiisai/.config/discord/0.0.119/modules/pending/discord_utils-1.zip: 79%
12/23/2025, 6:56:14 PM GMT+1 [Modules] Streaming discord_utils@1 to /home/chiisai/.config/discord/0.0.119/modules/pending/discord_utils-1.zip: 80%
12/23/2025, 6:56:14 PM GMT+1 [Modules] Streaming discord_utils@1 to /home/chiisai/.config/discord/0.0.119/modules/pending/discord_utils-1.zip: 81%
12/23/2025, 6:56:14 PM GMT+1 [Modules] Streaming discord_utils@1 to /home/chiisai/.config/discord/0.0.119/modules/pending/discord_utils-1.zip: 82%
12/23/2025, 6:56:14 PM GMT+1 [Modules] Streaming discord_utils@1 to /home/chiisai/.config/discord/0.0.119/modules/pending/discord_utils-1.zip: 83%
12/23/2025, 6:56:14 PM GMT+1 [Modules] Streaming discord_utils@1 to /home/chiisai/.config/discord/0.0.119/modules/pending/discord_utils-1.zip: 84%
12/23/2025, 6:56:14 PM GMT+1 [Modules] Streaming discord_utils@1 to /home/chiisai/.config/discord/0.0.119/modules/pending/discord_utils-1.zip: 85%
12/23/2025, 6:56:14 PM GMT+1 [Modules] Streaming discord_utils@1 to /home/chiisai/.config/discord/0.0.119/modules/pending/discord_utils-1.zip: 86%
12/23/2025, 6:56:14 PM GMT+1 [Modules] Streaming discord_utils@1 to /home/chiisai/.config/discord/0.0.119/modules/pending/discord_utils-1.zip: 87%
12/23/2025, 6:56:14 PM GMT+1 [Modules] Streaming discord_utils@1 to /home/chiisai/.config/discord/0.0.119/modules/pending/discord_utils-1.zip: 88%
12/23/2025, 6:56:14 PM GMT+1 [Modules] Streaming discord_utils@1 to /home/chiisai/.config/discord/0.0.119/modules/pending/discord_utils-1.zip: 89%
12/23/2025, 6:56:14 PM GMT+1 [Modules] Streaming discord_utils@1 to /home/chiisai/.config/discord/0.0.119/modules/pending/discord_utils-1.zip: 90%
12/23/2025, 6:56:14 PM GMT+1 [Modules] Streaming discord_utils@1 to /home/chiisai/.config/discord/0.0.119/modules/pending/discord_utils-1.zip: 91%
12/23/2025, 6:56:14 PM GMT+1 [Modules] Streaming discord_utils@1 to /home/chiisai/.config/discord/0.0.119/modules/pending/discord_utils-1.zip: 92%
12/23/2025, 6:56:14 PM GMT+1 [Modules] Streaming discord_utils@1 to /home/chiisai/.config/discord/0.0.119/modules/pending/discord_utils-1.zip: 93%
12/23/2025, 6:56:14 PM GMT+1 [Modules] Streaming discord_utils@1 to /home/chiisai/.config/discord/0.0.119/modules/pending/discord_utils-1.zip: 94%
12/23/2025, 6:56:14 PM GMT+1 [Modules] Streaming discord_utils@1 to /home/chiisai/.config/discord/0.0.119/modules/pending/discord_utils-1.zip: 95%
12/23/2025, 6:56:14 PM GMT+1 [Modules] Streaming discord_utils@1 to /home/chiisai/.config/discord/0.0.119/modules/pending/discord_utils-1.zip: 96%
12/23/2025, 6:56:14 PM GMT+1 [Modules] Streaming discord_utils@1 to /home/chiisai/.config/discord/0.0.119/modules/pending/discord_utils-1.zip: 97%
12/23/2025, 6:56:14 PM GMT+1 [Modules] Streaming discord_utils@1 to /home/chiisai/.config/discord/0.0.119/modules/pending/discord_utils-1.zip: 98%
12/23/2025, 6:56:14 PM GMT+1 [Modules] Streaming discord_utils@1 to /home/chiisai/.config/discord/0.0.119/modules/pending/discord_utils-1.zip: 99%
12/23/2025, 6:56:14 PM GMT+1 [Modules] Streaming discord_utils@1 to /home/chiisai/.config/discord/0.0.119/modules/pending/discord_utils-1.zip: 100%
12/23/2025, 6:56:14 PM GMT+1 [Modules] Fetching discord_voice@1 from https://discord.com/api/modules/stable/discord_voice/1
12/23/2025, 6:56:14 PM GMT+1 [Modules] Streaming discord_voice@1 to /home/chiisai/.config/discord/0.0.119/modules/pending/discord_voice-1.zip
12/23/2025, 6:56:14 PM GMT+1 [Modules] Streaming discord_voice@1 to /home/chiisai/.config/discord/0.0.119/modules/pending/discord_voice-1.zip: 1%
12/23/2025, 6:56:14 PM GMT+1 [Modules] Streaming discord_voice@1 to /home/chiisai/.config/discord/0.0.119/modules/pending/discord_voice-1.zip: 2%
12/23/2025, 6:56:14 PM GMT+1 [Modules] Streaming discord_voice@1 to /home/chiisai/.config/discord/0.0.119/modules/pending/discord_voice-1.zip: 3%
12/23/2025, 6:56:14 PM GMT+1 [Modules] Streaming discord_voice@1 to /home/chiisai/.config/discord/0.0.119/modules/pending/discord_voice-1.zip: 4%
12/23/2025, 6:56:14 PM GMT+1 [Modules] Streaming discord_voice@1 to /home/chiisai/.config/discord/0.0.119/modules/pending/discord_voice-1.zip: 5%
12/23/2025, 6:56:14 PM GMT+1 [Modules] Streaming discord_voice@1 to /home/chiisai/.config/discord/0.0.119/modules/pending/discord_voice-1.zip: 6%
12/23/2025, 6:56:14 PM GMT+1 [Modules] Streaming discord_voice@1 to /home/chiisai/.config/discord/0.0.119/modules/pending/discord_voice-1.zip: 7%
12/23/2025, 6:56:15 PM GMT+1 [Modules] Streaming discord_voice@1 to /home/chiisai/.config/discord/0.0.119/modules/pending/discord_voice-1.zip: 8%
12/23/2025, 6:56:15 PM GMT+1 [Modules] Streaming discord_voice@1 to /home/chiisai/.config/discord/0.0.119/modules/pending/discord_voice-1.zip: 9%
12/23/2025, 6:56:15 PM GMT+1 [Modules] Streaming discord_voice@1 to /home/chiisai/.config/discord/0.0.119/modules/pending/discord_voice-1.zip: 10%
12/23/2025, 6:56:15 PM GMT+1 [Modules] Streaming discord_voice@1 to /home/chiisai/.config/discord/0.0.119/modules/pending/discord_voice-1.zip: 11%
12/23/2025, 6:56:15 PM GMT+1 [Modules] Streaming discord_voice@1 to /home/chiisai/.config/discord/0.0.119/modules/pending/discord_voice-1.zip: 12%
12/23/2025, 6:56:15 PM GMT+1 [Modules] Streaming discord_voice@1 to /home/chiisai/.config/discord/0.0.119/modules/pending/discord_voice-1.zip: 13%
12/23/2025, 6:56:15 PM GMT+1 [Modules] Streaming discord_voice@1 to /home/chiisai/.config/discord/0.0.119/modules/pending/discord_voice-1.zip: 14%
12/23/2025, 6:56:15 PM GMT+1 [Modules] Streaming discord_voice@1 to /home/chiisai/.config/discord/0.0.119/modules/pending/discord_voice-1.zip: 15%
12/23/2025, 6:56:15 PM GMT+1 [Modules] Streaming discord_voice@1 to /home/chiisai/.config/discord/0.0.119/modules/pending/discord_voice-1.zip: 16%
12/23/2025, 6:56:15 PM GMT+1 [Modules] Streaming discord_voice@1 to /home/chiisai/.config/discord/0.0.119/modules/pending/discord_voice-1.zip: 17%
12/23/2025, 6:56:15 PM GMT+1 [Modules] Streaming discord_voice@1 to /home/chiisai/.config/discord/0.0.119/modules/pending/discord_voice-1.zip: 18%
12/23/2025, 6:56:15 PM GMT+1 [Modules] Streaming discord_voice@1 to /home/chiisai/.config/discord/0.0.119/modules/pending/discord_voice-1.zip: 19%
12/23/2025, 6:56:15 PM GMT+1 [Modules] Streaming discord_voice@1 to /home/chiisai/.config/discord/0.0.119/modules/pending/discord_voice-1.zip: 20%
12/23/2025, 6:56:15 PM GMT+1 [Modules] Streaming discord_voice@1 to /home/chiisai/.config/discord/0.0.119/modules/pending/discord_voice-1.zip: 21%
12/23/2025, 6:56:15 PM GMT+1 [Modules] Streaming discord_voice@1 to /home/chiisai/.config/discord/0.0.119/modules/pending/discord_voice-1.zip: 22%
12/23/2025, 6:56:15 PM GMT+1 [Modules] Streaming discord_voice@1 to /home/chiisai/.config/discord/0.0.119/modules/pending/discord_voice-1.zip: 23%
12/23/2025, 6:56:15 PM GMT+1 [Modules] Streaming discord_voice@1 to /home/chiisai/.config/discord/0.0.119/modules/pending/discord_voice-1.zip: 24%
12/23/2025, 6:56:15 PM GMT+1 [Modules] Streaming discord_voice@1 to /home/chiisai/.config/discord/0.0.119/modules/pending/discord_voice-1.zip: 25%
12/23/2025, 6:56:15 PM GMT+1 [Modules] Streaming discord_voice@1 to /home/chiisai/.config/discord/0.0.119/modules/pending/discord_voice-1.zip: 26%
12/23/2025, 6:56:15 PM GMT+1 [Modules] Streaming discord_voice@1 to /home/chiisai/.config/discord/0.0.119/modules/pending/discord_voice-1.zip: 27%
12/23/2025, 6:56:15 PM GMT+1 [Modules] Streaming discord_voice@1 to /home/chiisai/.config/discord/0.0.119/modules/pending/discord_voice-1.zip: 28%
12/23/2025, 6:56:15 PM GMT+1 [Modules] Streaming discord_voice@1 to /home/chiisai/.config/discord/0.0.119/modules/pending/discord_voice-1.zip: 29%
12/23/2025, 6:56:15 PM GMT+1 [Modules] Streaming discord_voice@1 to /home/chiisai/.config/discord/0.0.119/modules/pending/discord_voice-1.zip: 30%
12/23/2025, 6:56:15 PM GMT+1 [Modules] Streaming discord_voice@1 to /home/chiisai/.config/discord/0.0.119/modules/pending/discord_voice-1.zip: 31%
12/23/2025, 6:56:15 PM GMT+1 [Modules] Streaming discord_voice@1 to /home/chiisai/.config/discord/0.0.119/modules/pending/discord_voice-1.zip: 32%
12/23/2025, 6:56:15 PM GMT+1 [Modules] Streaming discord_voice@1 to /home/chiisai/.config/discord/0.0.119/modules/pending/discord_voice-1.zip: 33%
12/23/2025, 6:56:15 PM GMT+1 [Modules] Streaming discord_voice@1 to /home/chiisai/.config/discord/0.0.119/modules/pending/discord_voice-1.zip: 34%
12/23/2025, 6:56:15 PM GMT+1 [Modules] Streaming discord_voice@1 to /home/chiisai/.config/discord/0.0.119/modules/pending/discord_voice-1.zip: 35%
12/23/2025, 6:56:15 PM GMT+1 [Modules] Streaming discord_voice@1 to /home/chiisai/.config/discord/0.0.119/modules/pending/discord_voice-1.zip: 36%
12/23/2025, 6:56:15 PM GMT+1 [Modules] Streaming discord_voice@1 to /home/chiisai/.config/discord/0.0.119/modules/pending/discord_voice-1.zip: 37%
12/23/2025, 6:56:15 PM GMT+1 [Modules] Streaming discord_voice@1 to /home/chiisai/.config/discord/0.0.119/modules/pending/discord_voice-1.zip: 38%
12/23/2025, 6:56:16 PM GMT+1 [Modules] Streaming discord_voice@1 to /home/chiisai/.config/discord/0.0.119/modules/pending/discord_voice-1.zip: 39%
12/23/2025, 6:56:16 PM GMT+1 [Modules] Streaming discord_voice@1 to /home/chiisai/.config/discord/0.0.119/modules/pending/discord_voice-1.zip: 40%
12/23/2025, 6:56:16 PM GMT+1 [Modules] Streaming discord_voice@1 to /home/chiisai/.config/discord/0.0.119/modules/pending/discord_voice-1.zip: 41%
12/23/2025, 6:56:16 PM GMT+1 [Modules] Streaming discord_voice@1 to /home/chiisai/.config/discord/0.0.119/modules/pending/discord_voice-1.zip: 42%
12/23/2025, 6:56:16 PM GMT+1 [Modules] Streaming discord_voice@1 to /home/chiisai/.config/discord/0.0.119/modules/pending/discord_voice-1.zip: 43%
12/23/2025, 6:56:16 PM GMT+1 [Modules] Streaming discord_voice@1 to /home/chiisai/.config/discord/0.0.119/modules/pending/discord_voice-1.zip: 44%
12/23/2025, 6:56:16 PM GMT+1 [Modules] Streaming discord_voice@1 to /home/chiisai/.config/discord/0.0.119/modules/pending/discord_voice-1.zip: 45%
12/23/2025, 6:56:16 PM GMT+1 [Modules] Streaming discord_voice@1 to /home/chiisai/.config/discord/0.0.119/modules/pending/discord_voice-1.zip: 46%
12/23/2025, 6:56:16 PM GMT+1 [Modules] Streaming discord_voice@1 to /home/chiisai/.config/discord/0.0.119/modules/pending/discord_voice-1.zip: 47%
12/23/2025, 6:56:16 PM GMT+1 [Modules] Streaming discord_voice@1 to /home/chiisai/.config/discord/0.0.119/modules/pending/discord_voice-1.zip: 48%
12/23/2025, 6:56:16 PM GMT+1 [Modules] Streaming discord_voice@1 to /home/chiisai/.config/discord/0.0.119/modules/pending/discord_voice-1.zip: 49%
12/23/2025, 6:56:16 PM GMT+1 [Modules] Streaming discord_voice@1 to /home/chiisai/.config/discord/0.0.119/modules/pending/discord_voice-1.zip: 50%
12/23/2025, 6:56:16 PM GMT+1 [Modules] Streaming discord_voice@1 to /home/chiisai/.config/discord/0.0.119/modules/pending/discord_voice-1.zip: 51%
12/23/2025, 6:56:16 PM GMT+1 [Modules] Streaming discord_voice@1 to /home/chiisai/.config/discord/0.0.119/modules/pending/discord_voice-1.zip: 52%
12/23/2025, 6:56:16 PM GMT+1 [Modules] Streaming discord_voice@1 to /home/chiisai/.config/discord/0.0.119/modules/pending/discord_voice-1.zip: 53%
12/23/2025, 6:56:16 PM GMT+1 [Modules] Streaming discord_voice@1 to /home/chiisai/.config/discord/0.0.119/modules/pending/discord_voice-1.zip: 54%
12/23/2025, 6:56:16 PM GMT+1 [Modules] Streaming discord_voice@1 to /home/chiisai/.config/discord/0.0.119/modules/pending/discord_voice-1.zip: 55%
12/23/2025, 6:56:16 PM GMT+1 [Modules] Streaming discord_voice@1 to /home/chiisai/.config/discord/0.0.119/modules/pending/discord_voice-1.zip: 56%
12/23/2025, 6:56:16 PM GMT+1 [Modules] Streaming discord_voice@1 to /home/chiisai/.config/discord/0.0.119/modules/pending/discord_voice-1.zip: 57%
12/23/2025, 6:56:16 PM GMT+1 [Modules] Streaming discord_voice@1 to /home/chiisai/.config/discord/0.0.119/modules/pending/discord_voice-1.zip: 60%
12/23/2025, 6:56:16 PM GMT+1 [Modules] Streaming discord_voice@1 to /home/chiisai/.config/discord/0.0.119/modules/pending/discord_voice-1.zip: 61%
12/23/2025, 6:56:16 PM GMT+1 [Modules] Streaming discord_voice@1 to /home/chiisai/.config/discord/0.0.119/modules/pending/discord_voice-1.zip: 62%
12/23/2025, 6:56:17 PM GMT+1 [Modules] Streaming discord_voice@1 to /home/chiisai/.config/discord/0.0.119/modules/pending/discord_voice-1.zip: 63%
12/23/2025, 6:56:17 PM GMT+1 [Modules] Streaming discord_voice@1 to /home/chiisai/.config/discord/0.0.119/modules/pending/discord_voice-1.zip: 64%
12/23/2025, 6:56:17 PM GMT+1 [Modules] Streaming discord_voice@1 to /home/chiisai/.config/discord/0.0.119/modules/pending/discord_voice-1.zip: 65%
12/23/2025, 6:56:17 PM GMT+1 [Modules] Streaming discord_voice@1 to /home/chiisai/.config/discord/0.0.119/modules/pending/discord_voice-1.zip: 66%
12/23/2025, 6:56:17 PM GMT+1 [Modules] Streaming discord_voice@1 to /home/chiisai/.config/discord/0.0.119/modules/pending/discord_voice-1.zip: 67%
12/23/2025, 6:56:17 PM GMT+1 [Modules] Streaming discord_voice@1 to /home/chiisai/.config/discord/0.0.119/modules/pending/discord_voice-1.zip: 68%
12/23/2025, 6:56:17 PM GMT+1 [Modules] Streaming discord_voice@1 to /home/chiisai/.config/discord/0.0.119/modules/pending/discord_voice-1.zip: 69%
12/23/2025, 6:56:17 PM GMT+1 [Modules] Streaming discord_voice@1 to /home/chiisai/.config/discord/0.0.119/modules/pending/discord_voice-1.zip: 70%
12/23/2025, 6:56:17 PM GMT+1 [Modules] Streaming discord_voice@1 to /home/chiisai/.config/discord/0.0.119/modules/pending/discord_voice-1.zip: 71%
12/23/2025, 6:56:17 PM GMT+1 [Modules] Streaming discord_voice@1 to /home/chiisai/.config/discord/0.0.119/modules/pending/discord_voice-1.zip: 72%
12/23/2025, 6:56:17 PM GMT+1 [Modules] Streaming discord_voice@1 to /home/chiisai/.config/discord/0.0.119/modules/pending/discord_voice-1.zip: 73%
12/23/2025, 6:56:17 PM GMT+1 [Modules] Streaming discord_voice@1 to /home/chiisai/.config/discord/0.0.119/modules/pending/discord_voice-1.zip: 74%
12/23/2025, 6:56:17 PM GMT+1 [Modules] Streaming discord_voice@1 to /home/chiisai/.config/discord/0.0.119/modules/pending/discord_voice-1.zip: 75%
12/23/2025, 6:56:17 PM GMT+1 [Modules] Streaming discord_voice@1 to /home/chiisai/.config/discord/0.0.119/modules/pending/discord_voice-1.zip: 76%
12/23/2025, 6:56:17 PM GMT+1 [Modules] Streaming discord_voice@1 to /home/chiisai/.config/discord/0.0.119/modules/pending/discord_voice-1.zip: 77%
12/23/2025, 6:56:17 PM GMT+1 [Modules] Streaming discord_voice@1 to /home/chiisai/.config/discord/0.0.119/modules/pending/discord_voice-1.zip: 78%
12/23/2025, 6:56:17 PM GMT+1 [Modules] Streaming discord_voice@1 to /home/chiisai/.config/discord/0.0.119/modules/pending/discord_voice-1.zip: 79%
12/23/2025, 6:56:17 PM GMT+1 [Modules] Streaming discord_voice@1 to /home/chiisai/.config/discord/0.0.119/modules/pending/discord_voice-1.zip: 80%
12/23/2025, 6:56:17 PM GMT+1 [Modules] Streaming discord_voice@1 to /home/chiisai/.config/discord/0.0.119/modules/pending/discord_voice-1.zip: 81%
12/23/2025, 6:56:17 PM GMT+1 [Modules] Streaming discord_voice@1 to /home/chiisai/.config/discord/0.0.119/modules/pending/discord_voice-1.zip: 82%
12/23/2025, 6:56:17 PM GMT+1 [Modules] Streaming discord_voice@1 to /home/chiisai/.config/discord/0.0.119/modules/pending/discord_voice-1.zip: 83%
12/23/2025, 6:56:17 PM GMT+1 [Modules] Streaming discord_voice@1 to /home/chiisai/.config/discord/0.0.119/modules/pending/discord_voice-1.zip: 84%
12/23/2025, 6:56:17 PM GMT+1 [Modules] Streaming discord_voice@1 to /home/chiisai/.config/discord/0.0.119/modules/pending/discord_voice-1.zip: 85%
12/23/2025, 6:56:17 PM GMT+1 [Modules] Streaming discord_voice@1 to /home/chiisai/.config/discord/0.0.119/modules/pending/discord_voice-1.zip: 86%
12/23/2025, 6:56:17 PM GMT+1 [Modules] Streaming discord_voice@1 to /home/chiisai/.config/discord/0.0.119/modules/pending/discord_voice-1.zip: 87%
12/23/2025, 6:56:18 PM GMT+1 [Modules] Streaming discord_voice@1 to /home/chiisai/.config/discord/0.0.119/modules/pending/discord_voice-1.zip: 88%
12/23/2025, 6:56:18 PM GMT+1 [Modules] Streaming discord_voice@1 to /home/chiisai/.config/discord/0.0.119/modules/pending/discord_voice-1.zip: 89%
12/23/2025, 6:56:18 PM GMT+1 [Modules] Streaming discord_voice@1 to /home/chiisai/.config/discord/0.0.119/modules/pending/discord_voice-1.zip: 90%
12/23/2025, 6:56:18 PM GMT+1 [Modules] Streaming discord_voice@1 to /home/chiisai/.config/discord/0.0.119/modules/pending/discord_voice-1.zip: 91%
12/23/2025, 6:56:18 PM GMT+1 [Modules] Streaming discord_voice@1 to /home/chiisai/.config/discord/0.0.119/modules/pending/discord_voice-1.zip: 92%
12/23/2025, 6:56:18 PM GMT+1 [Modules] Streaming discord_voice@1 to /home/chiisai/.config/discord/0.0.119/modules/pending/discord_voice-1.zip: 93%
12/23/2025, 6:56:18 PM GMT+1 [Modules] Streaming discord_voice@1 to /home/chiisai/.config/discord/0.0.119/modules/pending/discord_voice-1.zip: 94%
12/23/2025, 6:56:18 PM GMT+1 [Modules] Streaming discord_voice@1 to /home/chiisai/.config/discord/0.0.119/modules/pending/discord_voice-1.zip: 95%
12/23/2025, 6:56:18 PM GMT+1 [Modules] Streaming discord_voice@1 to /home/chiisai/.config/discord/0.0.119/modules/pending/discord_voice-1.zip: 96%
12/23/2025, 6:56:18 PM GMT+1 [Modules] Streaming discord_voice@1 to /home/chiisai/.config/discord/0.0.119/modules/pending/discord_voice-1.zip: 97%
12/23/2025, 6:56:18 PM GMT+1 [Modules] Streaming discord_voice@1 to /home/chiisai/.config/discord/0.0.119/modules/pending/discord_voice-1.zip: 98%
12/23/2025, 6:56:18 PM GMT+1 [Modules] Streaming discord_voice@1 to /home/chiisai/.config/discord/0.0.119/modules/pending/discord_voice-1.zip: 99%
12/23/2025, 6:56:18 PM GMT+1 [Modules] Streaming discord_voice@1 to /home/chiisai/.config/discord/0.0.119/modules/pending/discord_voice-1.zip: 100%
12/23/2025, 6:56:18 PM GMT+1 [Modules] Fetching discord_zstd@1 from https://discord.com/api/modules/stable/discord_zstd/1
12/23/2025, 6:56:18 PM GMT+1 [Modules] Streaming discord_zstd@1 to /home/chiisai/.config/discord/0.0.119/modules/pending/discord_zstd-1.zip
12/23/2025, 6:56:18 PM GMT+1 [Modules] Streaming discord_zstd@1 to /home/chiisai/.config/discord/0.0.119/modules/pending/discord_zstd-1.zip: 1%
12/23/2025, 6:56:18 PM GMT+1 [Modules] Streaming discord_zstd@1 to /home/chiisai/.config/discord/0.0.119/modules/pending/discord_zstd-1.zip: 4%
12/23/2025, 6:56:18 PM GMT+1 [Modules] Streaming discord_zstd@1 to /home/chiisai/.config/discord/0.0.119/modules/pending/discord_zstd-1.zip: 7%
12/23/2025, 6:56:18 PM GMT+1 [Modules] Streaming discord_zstd@1 to /home/chiisai/.config/discord/0.0.119/modules/pending/discord_zstd-1.zip: 10%
12/23/2025, 6:56:18 PM GMT+1 [Modules] Streaming discord_zstd@1 to /home/chiisai/.config/discord/0.0.119/modules/pending/discord_zstd-1.zip: 15%
12/23/2025, 6:56:18 PM GMT+1 [Modules] Streaming discord_zstd@1 to /home/chiisai/.config/discord/0.0.119/modules/pending/discord_zstd-1.zip: 17%
12/23/2025, 6:56:18 PM GMT+1 [Modules] Streaming discord_zstd@1 to /home/chiisai/.config/discord/0.0.119/modules/pending/discord_zstd-1.zip: 20%
12/23/2025, 6:56:18 PM GMT+1 [Modules] Streaming discord_zstd@1 to /home/chiisai/.config/discord/0.0.119/modules/pending/discord_zstd-1.zip: 21%
12/23/2025, 6:56:18 PM GMT+1 [Modules] Streaming discord_zstd@1 to /home/chiisai/.config/discord/0.0.119/modules/pending/discord_zstd-1.zip: 25%
12/23/2025, 6:56:18 PM GMT+1 [Modules] Streaming discord_zstd@1 to /home/chiisai/.config/discord/0.0.119/modules/pending/discord_zstd-1.zip: 27%
12/23/2025, 6:56:18 PM GMT+1 [Modules] Streaming discord_zstd@1 to /home/chiisai/.config/discord/0.0.119/modules/pending/discord_zstd-1.zip: 30%
12/23/2025, 6:56:18 PM GMT+1 [Modules] Streaming discord_zstd@1 to /home/chiisai/.config/discord/0.0.119/modules/pending/discord_zstd-1.zip: 31%
12/23/2025, 6:56:18 PM GMT+1 [Modules] Streaming discord_zstd@1 to /home/chiisai/.config/discord/0.0.119/modules/pending/discord_zstd-1.zip: 34%
12/23/2025, 6:56:18 PM GMT+1 [Modules] Streaming discord_zstd@1 to /home/chiisai/.config/discord/0.0.119/modules/pending/discord_zstd-1.zip: 39%
12/23/2025, 6:56:18 PM GMT+1 [Modules] Streaming discord_zstd@1 to /home/chiisai/.config/discord/0.0.119/modules/pending/discord_zstd-1.zip: 43%
12/23/2025, 6:56:18 PM GMT+1 [Modules] Streaming discord_zstd@1 to /home/chiisai/.config/discord/0.0.119/modules/pending/discord_zstd-1.zip: 44%
12/23/2025, 6:56:18 PM GMT+1 [Modules] Streaming discord_zstd@1 to /home/chiisai/.config/discord/0.0.119/modules/pending/discord_zstd-1.zip: 49%
12/23/2025, 6:56:18 PM GMT+1 [Modules] Streaming discord_zstd@1 to /home/chiisai/.config/discord/0.0.119/modules/pending/discord_zstd-1.zip: 54%
12/23/2025, 6:56:18 PM GMT+1 [Modules] Streaming discord_zstd@1 to /home/chiisai/.config/discord/0.0.119/modules/pending/discord_zstd-1.zip: 55%
12/23/2025, 6:56:18 PM GMT+1 [Modules] Streaming discord_zstd@1 to /home/chiisai/.config/discord/0.0.119/modules/pending/discord_zstd-1.zip: 56%
12/23/2025, 6:56:18 PM GMT+1 [Modules] Streaming discord_zstd@1 to /home/chiisai/.config/discord/0.0.119/modules/pending/discord_zstd-1.zip: 63%
12/23/2025, 6:56:18 PM GMT+1 [Modules] Streaming discord_zstd@1 to /home/chiisai/.config/discord/0.0.119/modules/pending/discord_zstd-1.zip: 68%
12/23/2025, 6:56:18 PM GMT+1 [Modules] Streaming discord_zstd@1 to /home/chiisai/.config/discord/0.0.119/modules/pending/discord_zstd-1.zip: 73%
12/23/2025, 6:56:18 PM GMT+1 [Modules] Streaming discord_zstd@1 to /home/chiisai/.config/discord/0.0.119/modules/pending/discord_zstd-1.zip: 76%
12/23/2025, 6:56:18 PM GMT+1 [Modules] Streaming discord_zstd@1 to /home/chiisai/.config/discord/0.0.119/modules/pending/discord_zstd-1.zip: 78%
12/23/2025, 6:56:18 PM GMT+1 [Modules] Streaming discord_zstd@1 to /home/chiisai/.config/discord/0.0.119/modules/pending/discord_zstd-1.zip: 83%
12/23/2025, 6:56:18 PM GMT+1 [Modules] Streaming discord_zstd@1 to /home/chiisai/.config/discord/0.0.119/modules/pending/discord_zstd-1.zip: 87%
12/23/2025, 6:56:18 PM GMT+1 [Modules] Streaming discord_zstd@1 to /home/chiisai/.config/discord/0.0.119/modules/pending/discord_zstd-1.zip: 88%
12/23/2025, 6:56:18 PM GMT+1 [Modules] Streaming discord_zstd@1 to /home/chiisai/.config/discord/0.0.119/modules/pending/discord_zstd-1.zip: 92%
12/23/2025, 6:56:18 PM GMT+1 [Modules] Streaming discord_zstd@1 to /home/chiisai/.config/discord/0.0.119/modules/pending/discord_zstd-1.zip: 95%
12/23/2025, 6:56:18 PM GMT+1 [Modules] Streaming discord_zstd@1 to /home/chiisai/.config/discord/0.0.119/modules/pending/discord_zstd-1.zip: 97%
12/23/2025, 6:56:18 PM GMT+1 [Modules] Streaming discord_zstd@1 to /home/chiisai/.config/discord/0.0.119/modules/pending/discord_zstd-1.zip: 99%
12/23/2025, 6:56:18 PM GMT+1 [Modules] Streaming discord_zstd@1 to /home/chiisai/.config/discord/0.0.119/modules/pending/discord_zstd-1.zip: 100%
12/23/2025, 6:56:18 PM GMT+1 [Modules] Finished module downloads. [success: 6] [failure: 0]
12/23/2025, 6:56:18 PM GMT+1 [Modules] Installing updates...
12/23/2025, 6:56:18 PM GMT+1 [Modules] Installing discord_desktop_core@1 from /home/chiisai/.config/discord/0.0.119/modules/pending/discord_desktop_core-1.zip
12/23/2025, 6:56:18 PM GMT+1 [Modules] Installing discord_erlpack@1 from /home/chiisai/.config/discord/0.0.119/modules/pending/discord_erlpack-1.zip
12/23/2025, 6:56:19 PM GMT+1 [Modules] Installing discord_spellcheck@1 from /home/chiisai/.config/discord/0.0.119/modules/pending/discord_spellcheck-1.zip
12/23/2025, 6:56:20 PM GMT+1 [Modules] Installing discord_utils@1 from /home/chiisai/.config/discord/0.0.119/modules/pending/discord_utils-1.zip
12/23/2025, 6:56:20 PM GMT+1 [Modules] Installing discord_voice@1 from /home/chiisai/.config/discord/0.0.119/modules/pending/discord_voice-1.zip
12/23/2025, 6:56:22 PM GMT+1 [Modules] Installing discord_zstd@1 from /home/chiisai/.config/discord/0.0.119/modules/pending/discord_zstd-1.zip
12/23/2025, 6:56:22 PM GMT+1 [Modules] Finished module installations. [success: 6] [failure: 0]
12/23/2025, 6:56:22 PM GMT+1 [Modules] Checking for host updates.
12/23/2025, 6:56:22 PM GMT+1 [Modules] Host is up to date.
12/23/2025, 6:56:22 PM GMT+1 [Modules] Checking for module updates at https://discord.com/api/modules/stable/versions.json
12/23/2025, 6:56:22 PM GMT+1 [Modules] No module updates available.
12/23/2025, 6:56:27 PM GMT+1 [Modules] Starting to install discord_krisp...
12/23/2025, 6:56:27 PM GMT+1 [Modules] Fetching discord_krisp@1 from https://discord.com/api/modules/stable/discord_krisp/1
12/23/2025, 6:56:27 PM GMT+1 [Modules] Streaming discord_krisp@1 to /home/chiisai/.config/discord/0.0.119/modules/pending/discord_krisp-1.zip
12/23/2025, 6:56:27 PM GMT+1 [Modules] Starting to install discord_game_utils...
12/23/2025, 6:56:27 PM GMT+1 [Modules] Streaming discord_krisp@1 to /home/chiisai/.config/discord/0.0.119/modules/pending/discord_krisp-1.zip: 1%
12/23/2025, 6:56:27 PM GMT+1 [Modules] Streaming discord_krisp@1 to /home/chiisai/.config/discord/0.0.119/modules/pending/discord_krisp-1.zip: 2%
12/23/2025, 6:56:27 PM GMT+1 [Modules] Streaming discord_krisp@1 to /home/chiisai/.config/discord/0.0.119/modules/pending/discord_krisp-1.zip: 3%
12/23/2025, 6:56:27 PM GMT+1 [Modules] Streaming discord_krisp@1 to /home/chiisai/.config/discord/0.0.119/modules/pending/discord_krisp-1.zip: 4%
12/23/2025, 6:56:28 PM GMT+1 [Modules] Streaming discord_krisp@1 to /home/chiisai/.config/discord/0.0.119/modules/pending/discord_krisp-1.zip: 5%
12/23/2025, 6:56:28 PM GMT+1 [Modules] Streaming discord_krisp@1 to /home/chiisai/.config/discord/0.0.119/modules/pending/discord_krisp-1.zip: 6%
12/23/2025, 6:56:28 PM GMT+1 [Modules] Streaming discord_krisp@1 to /home/chiisai/.config/discord/0.0.119/modules/pending/discord_krisp-1.zip: 7%
12/23/2025, 6:56:28 PM GMT+1 [Modules] Streaming discord_krisp@1 to /home/chiisai/.config/discord/0.0.119/modules/pending/discord_krisp-1.zip: 8%
12/23/2025, 6:56:28 PM GMT+1 [Modules] Streaming discord_krisp@1 to /home/chiisai/.config/discord/0.0.119/modules/pending/discord_krisp-1.zip: 9%
12/23/2025, 6:56:28 PM GMT+1 [Modules] Streaming discord_krisp@1 to /home/chiisai/.config/discord/0.0.119/modules/pending/discord_krisp-1.zip: 10%
12/23/2025, 6:56:28 PM GMT+1 [Modules] Streaming discord_krisp@1 to /home/chiisai/.config/discord/0.0.119/modules/pending/discord_krisp-1.zip: 11%
12/23/2025, 6:56:28 PM GMT+1 [Modules] Streaming discord_krisp@1 to /home/chiisai/.config/discord/0.0.119/modules/pending/discord_krisp-1.zip: 12%
12/23/2025, 6:56:28 PM GMT+1 [Modules] Streaming discord_krisp@1 to /home/chiisai/.config/discord/0.0.119/modules/pending/discord_krisp-1.zip: 13%
12/23/2025, 6:56:28 PM GMT+1 [Modules] Streaming discord_krisp@1 to /home/chiisai/.config/discord/0.0.119/modules/pending/discord_krisp-1.zip: 14%
12/23/2025, 6:56:28 PM GMT+1 [Modules] Streaming discord_krisp@1 to /home/chiisai/.config/discord/0.0.119/modules/pending/discord_krisp-1.zip: 15%
12/23/2025, 6:56:28 PM GMT+1 [Modules] Streaming discord_krisp@1 to /home/chiisai/.config/discord/0.0.119/modules/pending/discord_krisp-1.zip: 16%
12/23/2025, 6:56:28 PM GMT+1 [Modules] Streaming discord_krisp@1 to /home/chiisai/.config/discord/0.0.119/modules/pending/discord_krisp-1.zip: 17%
12/23/2025, 6:56:28 PM GMT+1 [Modules] Streaming discord_krisp@1 to /home/chiisai/.config/discord/0.0.119/modules/pending/discord_krisp-1.zip: 18%
12/23/2025, 6:56:28 PM GMT+1 [Modules] Streaming discord_krisp@1 to /home/chiisai/.config/discord/0.0.119/modules/pending/discord_krisp-1.zip: 19%
12/23/2025, 6:56:28 PM GMT+1 [Modules] Streaming discord_krisp@1 to /home/chiisai/.config/discord/0.0.119/modules/pending/discord_krisp-1.zip: 20%
12/23/2025, 6:56:28 PM GMT+1 [Modules] Starting to install discord_rpc...
12/23/2025, 6:56:29 PM GMT+1 [Modules] Streaming discord_krisp@1 to /home/chiisai/.config/discord/0.0.119/modules/pending/discord_krisp-1.zip: 21%
12/23/2025, 6:56:29 PM GMT+1 [Modules] Streaming discord_krisp@1 to /home/chiisai/.config/discord/0.0.119/modules/pending/discord_krisp-1.zip: 22%
12/23/2025, 6:56:29 PM GMT+1 [Modules] Streaming discord_krisp@1 to /home/chiisai/.config/discord/0.0.119/modules/pending/discord_krisp-1.zip: 23%
12/23/2025, 6:56:29 PM GMT+1 [Modules] Streaming discord_krisp@1 to /home/chiisai/.config/discord/0.0.119/modules/pending/discord_krisp-1.zip: 24%
12/23/2025, 6:56:29 PM GMT+1 [Modules] Streaming discord_krisp@1 to /home/chiisai/.config/discord/0.0.119/modules/pending/discord_krisp-1.zip: 25%
12/23/2025, 6:56:29 PM GMT+1 [Modules] Streaming discord_krisp@1 to /home/chiisai/.config/discord/0.0.119/modules/pending/discord_krisp-1.zip: 26%
12/23/2025, 6:56:29 PM GMT+1 [Modules] Streaming discord_krisp@1 to /home/chiisai/.config/discord/0.0.119/modules/pending/discord_krisp-1.zip: 27%
12/23/2025, 6:56:29 PM GMT+1 [Modules] Streaming discord_krisp@1 to /home/chiisai/.config/discord/0.0.119/modules/pending/discord_krisp-1.zip: 28%
12/23/2025, 6:56:29 PM GMT+1 [Modules] Streaming discord_krisp@1 to /home/chiisai/.config/discord/0.0.119/modules/pending/discord_krisp-1.zip: 29%
12/23/2025, 6:56:29 PM GMT+1 [Modules] Streaming discord_krisp@1 to /home/chiisai/.config/discord/0.0.119/modules/pending/discord_krisp-1.zip: 30%
12/23/2025, 6:56:29 PM GMT+1 [Modules] Streaming discord_krisp@1 to /home/chiisai/.config/discord/0.0.119/modules/pending/discord_krisp-1.zip: 31%
12/23/2025, 6:56:29 PM GMT+1 [Modules] Streaming discord_krisp@1 to /home/chiisai/.config/discord/0.0.119/modules/pending/discord_krisp-1.zip: 32%
12/23/2025, 6:56:29 PM GMT+1 [Modules] Streaming discord_krisp@1 to /home/chiisai/.config/discord/0.0.119/modules/pending/discord_krisp-1.zip: 33%
12/23/2025, 6:56:29 PM GMT+1 [Modules] Streaming discord_krisp@1 to /home/chiisai/.config/discord/0.0.119/modules/pending/discord_krisp-1.zip: 34%
12/23/2025, 6:56:29 PM GMT+1 [Modules] Streaming discord_krisp@1 to /home/chiisai/.config/discord/0.0.119/modules/pending/discord_krisp-1.zip: 35%
12/23/2025, 6:56:29 PM GMT+1 [Modules] Streaming discord_krisp@1 to /home/chiisai/.config/discord/0.0.119/modules/pending/discord_krisp-1.zip: 36%
12/23/2025, 6:56:29 PM GMT+1 [Modules] Streaming discord_krisp@1 to /home/chiisai/.config/discord/0.0.119/modules/pending/discord_krisp-1.zip: 37%
12/23/2025, 6:56:29 PM GMT+1 [Modules] Streaming discord_krisp@1 to /home/chiisai/.config/discord/0.0.119/modules/pending/discord_krisp-1.zip: 38%
12/23/2025, 6:56:29 PM GMT+1 [Modules] Streaming discord_krisp@1 to /home/chiisai/.config/discord/0.0.119/modules/pending/discord_krisp-1.zip: 39%
12/23/2025, 6:56:29 PM GMT+1 [Modules] Streaming discord_krisp@1 to /home/chiisai/.config/discord/0.0.119/modules/pending/discord_krisp-1.zip: 40%
12/23/2025, 6:56:30 PM GMT+1 [Modules] Streaming discord_krisp@1 to /home/chiisai/.config/discord/0.0.119/modules/pending/discord_krisp-1.zip: 41%
12/23/2025, 6:56:30 PM GMT+1 [Modules] Streaming discord_krisp@1 to /home/chiisai/.config/discord/0.0.119/modules/pending/discord_krisp-1.zip: 42%
12/23/2025, 6:56:30 PM GMT+1 [Modules] Streaming discord_krisp@1 to /home/chiisai/.config/discord/0.0.119/modules/pending/discord_krisp-1.zip: 43%
12/23/2025, 6:56:30 PM GMT+1 [Modules] Streaming discord_krisp@1 to /home/chiisai/.config/discord/0.0.119/modules/pending/discord_krisp-1.zip: 44%
12/23/2025, 6:56:30 PM GMT+1 [Modules] Streaming discord_krisp@1 to /home/chiisai/.config/discord/0.0.119/modules/pending/discord_krisp-1.zip: 45%
12/23/2025, 6:56:30 PM GMT+1 [Modules] Streaming discord_krisp@1 to /home/chiisai/.config/discord/0.0.119/modules/pending/discord_krisp-1.zip: 46%
12/23/2025, 6:56:30 PM GMT+1 [Modules] Streaming discord_krisp@1 to /home/chiisai/.config/discord/0.0.119/modules/pending/discord_krisp-1.zip: 47%
12/23/2025, 6:56:30 PM GMT+1 [Modules] Streaming discord_krisp@1 to /home/chiisai/.config/discord/0.0.119/modules/pending/discord_krisp-1.zip: 48%
12/23/2025, 6:56:30 PM GMT+1 [Modules] Streaming discord_krisp@1 to /home/chiisai/.config/discord/0.0.119/modules/pending/discord_krisp-1.zip: 49%
12/23/2025, 6:56:30 PM GMT+1 [Modules] Streaming discord_krisp@1 to /home/chiisai/.config/discord/0.0.119/modules/pending/discord_krisp-1.zip: 50%
12/23/2025, 6:56:31 PM GMT+1 [Modules] Streaming discord_krisp@1 to /home/chiisai/.config/discord/0.0.119/modules/pending/discord_krisp-1.zip: 51%
12/23/2025, 6:56:31 PM GMT+1 [Modules] Streaming discord_krisp@1 to /home/chiisai/.config/discord/0.0.119/modules/pending/discord_krisp-1.zip: 52%
12/23/2025, 6:56:31 PM GMT+1 [Modules] Streaming discord_krisp@1 to /home/chiisai/.config/discord/0.0.119/modules/pending/discord_krisp-1.zip: 53%
12/23/2025, 6:56:31 PM GMT+1 [Modules] Streaming discord_krisp@1 to /home/chiisai/.config/discord/0.0.119/modules/pending/discord_krisp-1.zip: 54%
12/23/2025, 6:56:31 PM GMT+1 [Modules] Streaming discord_krisp@1 to /home/chiisai/.config/discord/0.0.119/modules/pending/discord_krisp-1.zip: 55%
12/23/2025, 6:56:31 PM GMT+1 [Modules] Streaming discord_krisp@1 to /home/chiisai/.config/discord/0.0.119/modules/pending/discord_krisp-1.zip: 56%
12/23/2025, 6:56:31 PM GMT+1 [Modules] Streaming discord_krisp@1 to /home/chiisai/.config/discord/0.0.119/modules/pending/discord_krisp-1.zip: 57%
12/23/2025, 6:56:31 PM GMT+1 [Modules] Streaming discord_krisp@1 to /home/chiisai/.config/discord/0.0.119/modules/pending/discord_krisp-1.zip: 58%
12/23/2025, 6:56:31 PM GMT+1 [Modules] Streaming discord_krisp@1 to /home/chiisai/.config/discord/0.0.119/modules/pending/discord_krisp-1.zip: 59%
12/23/2025, 6:56:31 PM GMT+1 [Modules] Streaming discord_krisp@1 to /home/chiisai/.config/discord/0.0.119/modules/pending/discord_krisp-1.zip: 60%
12/23/2025, 6:56:31 PM GMT+1 [Modules] Streaming discord_krisp@1 to /home/chiisai/.config/discord/0.0.119/modules/pending/discord_krisp-1.zip: 61%
12/23/2025, 6:56:31 PM GMT+1 [Modules] Streaming discord_krisp@1 to /home/chiisai/.config/discord/0.0.119/modules/pending/discord_krisp-1.zip: 62%
12/23/2025, 6:56:31 PM GMT+1 [Modules] Streaming discord_krisp@1 to /home/chiisai/.config/discord/0.0.119/modules/pending/discord_krisp-1.zip: 63%
12/23/2025, 6:56:31 PM GMT+1 [Modules] Streaming discord_krisp@1 to /home/chiisai/.config/discord/0.0.119/modules/pending/discord_krisp-1.zip: 64%
12/23/2025, 6:56:31 PM GMT+1 [Modules] Streaming discord_krisp@1 to /home/chiisai/.config/discord/0.0.119/modules/pending/discord_krisp-1.zip: 65%
12/23/2025, 6:56:31 PM GMT+1 [Modules] Streaming discord_krisp@1 to /home/chiisai/.config/discord/0.0.119/modules/pending/discord_krisp-1.zip: 66%
12/23/2025, 6:56:31 PM GMT+1 [Modules] Streaming discord_krisp@1 to /home/chiisai/.config/discord/0.0.119/modules/pending/discord_krisp-1.zip: 67%
12/23/2025, 6:56:31 PM GMT+1 [Modules] Streaming discord_krisp@1 to /home/chiisai/.config/discord/0.0.119/modules/pending/discord_krisp-1.zip: 68%
12/23/2025, 6:56:31 PM GMT+1 [Modules] Streaming discord_krisp@1 to /home/chiisai/.config/discord/0.0.119/modules/pending/discord_krisp-1.zip: 69%
12/23/2025, 6:56:31 PM GMT+1 [Modules] Streaming discord_krisp@1 to /home/chiisai/.config/discord/0.0.119/modules/pending/discord_krisp-1.zip: 70%
12/23/2025, 6:56:32 PM GMT+1 [Modules] Streaming discord_krisp@1 to /home/chiisai/.config/discord/0.0.119/modules/pending/discord_krisp-1.zip: 71%
12/23/2025, 6:56:32 PM GMT+1 [Modules] Streaming discord_krisp@1 to /home/chiisai/.config/discord/0.0.119/modules/pending/discord_krisp-1.zip: 72%
12/23/2025, 6:56:32 PM GMT+1 [Modules] Streaming discord_krisp@1 to /home/chiisai/.config/discord/0.0.119/modules/pending/discord_krisp-1.zip: 73%
12/23/2025, 6:56:32 PM GMT+1 [Modules] Streaming discord_krisp@1 to /home/chiisai/.config/discord/0.0.119/modules/pending/discord_krisp-1.zip: 74%
12/23/2025, 6:56:32 PM GMT+1 [Modules] Streaming discord_krisp@1 to /home/chiisai/.config/discord/0.0.119/modules/pending/discord_krisp-1.zip: 75%
12/23/2025, 6:56:32 PM GMT+1 [Modules] Streaming discord_krisp@1 to /home/chiisai/.config/discord/0.0.119/modules/pending/discord_krisp-1.zip: 76%
12/23/2025, 6:56:32 PM GMT+1 [Modules] Streaming discord_krisp@1 to /home/chiisai/.config/discord/0.0.119/modules/pending/discord_krisp-1.zip: 77%
12/23/2025, 6:56:32 PM GMT+1 [Modules] Streaming discord_krisp@1 to /home/chiisai/.config/discord/0.0.119/modules/pending/discord_krisp-1.zip: 78%
12/23/2025, 6:56:32 PM GMT+1 [Modules] Streaming discord_krisp@1 to /home/chiisai/.config/discord/0.0.119/modules/pending/discord_krisp-1.zip: 79%
12/23/2025, 6:56:32 PM GMT+1 [Modules] Streaming discord_krisp@1 to /home/chiisai/.config/discord/0.0.119/modules/pending/discord_krisp-1.zip: 80%
12/23/2025, 6:56:32 PM GMT+1 [Modules] Streaming discord_krisp@1 to /home/chiisai/.config/discord/0.0.119/modules/pending/discord_krisp-1.zip: 81%
12/23/2025, 6:56:32 PM GMT+1 [Modules] Streaming discord_krisp@1 to /home/chiisai/.config/discord/0.0.119/modules/pending/discord_krisp-1.zip: 82%
12/23/2025, 6:56:32 PM GMT+1 [Modules] Streaming discord_krisp@1 to /home/chiisai/.config/discord/0.0.119/modules/pending/discord_krisp-1.zip: 83%
12/23/2025, 6:56:32 PM GMT+1 [Modules] Streaming discord_krisp@1 to /home/chiisai/.config/discord/0.0.119/modules/pending/discord_krisp-1.zip: 84%
12/23/2025, 6:56:32 PM GMT+1 [Modules] Streaming discord_krisp@1 to /home/chiisai/.config/discord/0.0.119/modules/pending/discord_krisp-1.zip: 85%
12/23/2025, 6:56:32 PM GMT+1 [Modules] Streaming discord_krisp@1 to /home/chiisai/.config/discord/0.0.119/modules/pending/discord_krisp-1.zip: 86%
12/23/2025, 6:56:32 PM GMT+1 [Modules] Streaming discord_krisp@1 to /home/chiisai/.config/discord/0.0.119/modules/pending/discord_krisp-1.zip: 87%
12/23/2025, 6:56:32 PM GMT+1 [Modules] Streaming discord_krisp@1 to /home/chiisai/.config/discord/0.0.119/modules/pending/discord_krisp-1.zip: 88%
12/23/2025, 6:56:32 PM GMT+1 [Modules] Streaming discord_krisp@1 to /home/chiisai/.config/discord/0.0.119/modules/pending/discord_krisp-1.zip: 89%
12/23/2025, 6:56:32 PM GMT+1 [Modules] Streaming discord_krisp@1 to /home/chiisai/.config/discord/0.0.119/modules/pending/discord_krisp-1.zip: 90%
12/23/2025, 6:56:32 PM GMT+1 [Modules] Streaming discord_krisp@1 to /home/chiisai/.config/discord/0.0.119/modules/pending/discord_krisp-1.zip: 91%
12/23/2025, 6:56:33 PM GMT+1 [Modules] Streaming discord_krisp@1 to /home/chiisai/.config/discord/0.0.119/modules/pending/discord_krisp-1.zip: 92%
12/23/2025, 6:56:33 PM GMT+1 [Modules] Streaming discord_krisp@1 to /home/chiisai/.config/discord/0.0.119/modules/pending/discord_krisp-1.zip: 93%
12/23/2025, 6:56:33 PM GMT+1 [Modules] Streaming discord_krisp@1 to /home/chiisai/.config/discord/0.0.119/modules/pending/discord_krisp-1.zip: 94%
12/23/2025, 6:56:33 PM GMT+1 [Modules] Streaming discord_krisp@1 to /home/chiisai/.config/discord/0.0.119/modules/pending/discord_krisp-1.zip: 95%
12/23/2025, 6:56:33 PM GMT+1 [Modules] Streaming discord_krisp@1 to /home/chiisai/.config/discord/0.0.119/modules/pending/discord_krisp-1.zip: 96%
12/23/2025, 6:56:33 PM GMT+1 [Modules] Streaming discord_krisp@1 to /home/chiisai/.config/discord/0.0.119/modules/pending/discord_krisp-1.zip: 97%
12/23/2025, 6:56:33 PM GMT+1 [Modules] Streaming discord_krisp@1 to /home/chiisai/.config/discord/0.0.119/modules/pending/discord_krisp-1.zip: 98%
12/23/2025, 6:56:33 PM GMT+1 [Modules] Streaming discord_krisp@1 to /home/chiisai/.config/discord/0.0.119/modules/pending/discord_krisp-1.zip: 99%
12/23/2025, 6:56:33 PM GMT+1 [Modules] Streaming discord_krisp@1 to /home/chiisai/.config/discord/0.0.119/modules/pending/discord_krisp-1.zip: 100%
12/23/2025, 6:56:33 PM GMT+1 [Modules] Fetching discord_game_utils@1 from https://discord.com/api/modules/stable/discord_game_utils/1
12/23/2025, 6:56:33 PM GMT+1 [Modules] Streaming discord_game_utils@1 to /home/chiisai/.config/discord/0.0.119/modules/pending/discord_game_utils-1.zip
12/23/2025, 6:56:33 PM GMT+1 [Modules] Installing discord_krisp@1 from /home/chiisai/.config/discord/0.0.119/modules/pending/discord_krisp-1.zip
12/23/2025, 6:56:33 PM GMT+1 [Modules] Streaming discord_game_utils@1 to /home/chiisai/.config/discord/0.0.119/modules/pending/discord_game_utils-1.zip: 5%
12/23/2025, 6:56:33 PM GMT+1 [Modules] Streaming discord_game_utils@1 to /home/chiisai/.config/discord/0.0.119/modules/pending/discord_game_utils-1.zip: 6%
12/23/2025, 6:56:33 PM GMT+1 [Modules] Streaming discord_game_utils@1 to /home/chiisai/.config/discord/0.0.119/modules/pending/discord_game_utils-1.zip: 7%
12/23/2025, 6:56:33 PM GMT+1 [Modules] Streaming discord_game_utils@1 to /home/chiisai/.config/discord/0.0.119/modules/pending/discord_game_utils-1.zip: 8%
12/23/2025, 6:56:33 PM GMT+1 [Modules] Streaming discord_game_utils@1 to /home/chiisai/.config/discord/0.0.119/modules/pending/discord_game_utils-1.zip: 9%
12/23/2025, 6:56:33 PM GMT+1 [Modules] Streaming discord_game_utils@1 to /home/chiisai/.config/discord/0.0.119/modules/pending/discord_game_utils-1.zip: 10%
12/23/2025, 6:56:33 PM GMT+1 [Modules] Streaming discord_game_utils@1 to /home/chiisai/.config/discord/0.0.119/modules/pending/discord_game_utils-1.zip: 11%
12/23/2025, 6:56:33 PM GMT+1 [Modules] Streaming discord_game_utils@1 to /home/chiisai/.config/discord/0.0.119/modules/pending/discord_game_utils-1.zip: 12%
12/23/2025, 6:56:33 PM GMT+1 [Modules] Streaming discord_game_utils@1 to /home/chiisai/.config/discord/0.0.119/modules/pending/discord_game_utils-1.zip: 13%
12/23/2025, 6:56:33 PM GMT+1 [Modules] Streaming discord_game_utils@1 to /home/chiisai/.config/discord/0.0.119/modules/pending/discord_game_utils-1.zip: 14%
12/23/2025, 6:56:33 PM GMT+1 [Modules] Streaming discord_game_utils@1 to /home/chiisai/.config/discord/0.0.119/modules/pending/discord_game_utils-1.zip: 15%
12/23/2025, 6:56:33 PM GMT+1 [Modules] Streaming discord_game_utils@1 to /home/chiisai/.config/discord/0.0.119/modules/pending/discord_game_utils-1.zip: 16%
12/23/2025, 6:56:33 PM GMT+1 [Modules] Streaming discord_game_utils@1 to /home/chiisai/.config/discord/0.0.119/modules/pending/discord_game_utils-1.zip: 17%
12/23/2025, 6:56:33 PM GMT+1 [Modules] Streaming discord_game_utils@1 to /home/chiisai/.config/discord/0.0.119/modules/pending/discord_game_utils-1.zip: 18%
12/23/2025, 6:56:33 PM GMT+1 [Modules] Streaming discord_game_utils@1 to /home/chiisai/.config/discord/0.0.119/modules/pending/discord_game_utils-1.zip: 19%
12/23/2025, 6:56:33 PM GMT+1 [Modules] Streaming discord_game_utils@1 to /home/chiisai/.config/discord/0.0.119/modules/pending/discord_game_utils-1.zip: 20%
12/23/2025, 6:56:33 PM GMT+1 [Modules] Streaming discord_game_utils@1 to /home/chiisai/.config/discord/0.0.119/modules/pending/discord_game_utils-1.zip: 21%
12/23/2025, 6:56:33 PM GMT+1 [Modules] Streaming discord_game_utils@1 to /home/chiisai/.config/discord/0.0.119/modules/pending/discord_game_utils-1.zip: 22%
12/23/2025, 6:56:33 PM GMT+1 [Modules] Streaming discord_game_utils@1 to /home/chiisai/.config/discord/0.0.119/modules/pending/discord_game_utils-1.zip: 23%
12/23/2025, 6:56:33 PM GMT+1 [Modules] Streaming discord_game_utils@1 to /home/chiisai/.config/discord/0.0.119/modules/pending/discord_game_utils-1.zip: 24%
12/23/2025, 6:56:33 PM GMT+1 [Modules] Streaming discord_game_utils@1 to /home/chiisai/.config/discord/0.0.119/modules/pending/discord_game_utils-1.zip: 25%
12/23/2025, 6:56:33 PM GMT+1 [Modules] Streaming discord_game_utils@1 to /home/chiisai/.config/discord/0.0.119/modules/pending/discord_game_utils-1.zip: 26%
12/23/2025, 6:56:33 PM GMT+1 [Modules] Streaming discord_game_utils@1 to /home/chiisai/.config/discord/0.0.119/modules/pending/discord_game_utils-1.zip: 27%
12/23/2025, 6:56:33 PM GMT+1 [Modules] Streaming discord_game_utils@1 to /home/chiisai/.config/discord/0.0.119/modules/pending/discord_game_utils-1.zip: 28%
12/23/2025, 6:56:33 PM GMT+1 [Modules] Streaming discord_game_utils@1 to /home/chiisai/.config/discord/0.0.119/modules/pending/discord_game_utils-1.zip: 29%
12/23/2025, 6:56:33 PM GMT+1 [Modules] Streaming discord_game_utils@1 to /home/chiisai/.config/discord/0.0.119/modules/pending/discord_game_utils-1.zip: 30%
12/23/2025, 6:56:33 PM GMT+1 [Modules] Streaming discord_game_utils@1 to /home/chiisai/.config/discord/0.0.119/modules/pending/discord_game_utils-1.zip: 31%
12/23/2025, 6:56:33 PM GMT+1 [Modules] Streaming discord_game_utils@1 to /home/chiisai/.config/discord/0.0.119/modules/pending/discord_game_utils-1.zip: 32%
12/23/2025, 6:56:33 PM GMT+1 [Modules] Streaming discord_game_utils@1 to /home/chiisai/.config/discord/0.0.119/modules/pending/discord_game_utils-1.zip: 33%
12/23/2025, 6:56:33 PM GMT+1 [Modules] Streaming discord_game_utils@1 to /home/chiisai/.config/discord/0.0.119/modules/pending/discord_game_utils-1.zip: 34%
12/23/2025, 6:56:33 PM GMT+1 [Modules] Streaming discord_game_utils@1 to /home/chiisai/.config/discord/0.0.119/modules/pending/discord_game_utils-1.zip: 35%
12/23/2025, 6:56:33 PM GMT+1 [Modules] Streaming discord_game_utils@1 to /home/chiisai/.config/discord/0.0.119/modules/pending/discord_game_utils-1.zip: 36%
12/23/2025, 6:56:33 PM GMT+1 [Modules] Streaming discord_game_utils@1 to /home/chiisai/.config/discord/0.0.119/modules/pending/discord_game_utils-1.zip: 37%
12/23/2025, 6:56:33 PM GMT+1 [Modules] Streaming discord_game_utils@1 to /home/chiisai/.config/discord/0.0.119/modules/pending/discord_game_utils-1.zip: 38%
12/23/2025, 6:56:33 PM GMT+1 [Modules] Streaming discord_game_utils@1 to /home/chiisai/.config/discord/0.0.119/modules/pending/discord_game_utils-1.zip: 39%
12/23/2025, 6:56:33 PM GMT+1 [Modules] Streaming discord_game_utils@1 to /home/chiisai/.config/discord/0.0.119/modules/pending/discord_game_utils-1.zip: 40%
12/23/2025, 6:56:33 PM GMT+1 [Modules] Streaming discord_game_utils@1 to /home/chiisai/.config/discord/0.0.119/modules/pending/discord_game_utils-1.zip: 41%
12/23/2025, 6:56:33 PM GMT+1 [Modules] Streaming discord_game_utils@1 to /home/chiisai/.config/discord/0.0.119/modules/pending/discord_game_utils-1.zip: 42%
12/23/2025, 6:56:33 PM GMT+1 [Modules] Streaming discord_game_utils@1 to /home/chiisai/.config/discord/0.0.119/modules/pending/discord_game_utils-1.zip: 43%
12/23/2025, 6:56:33 PM GMT+1 [Modules] Streaming discord_game_utils@1 to /home/chiisai/.config/discord/0.0.119/modules/pending/discord_game_utils-1.zip: 44%
12/23/2025, 6:56:33 PM GMT+1 [Modules] Streaming discord_game_utils@1 to /home/chiisai/.config/discord/0.0.119/modules/pending/discord_game_utils-1.zip: 45%
12/23/2025, 6:56:33 PM GMT+1 [Modules] Streaming discord_game_utils@1 to /home/chiisai/.config/discord/0.0.119/modules/pending/discord_game_utils-1.zip: 46%
12/23/2025, 6:56:33 PM GMT+1 [Modules] Streaming discord_game_utils@1 to /home/chiisai/.config/discord/0.0.119/modules/pending/discord_game_utils-1.zip: 47%
12/23/2025, 6:56:33 PM GMT+1 [Modules] Streaming discord_game_utils@1 to /home/chiisai/.config/discord/0.0.119/modules/pending/discord_game_utils-1.zip: 48%
12/23/2025, 6:56:33 PM GMT+1 [Modules] Streaming discord_game_utils@1 to /home/chiisai/.config/discord/0.0.119/modules/pending/discord_game_utils-1.zip: 49%
12/23/2025, 6:56:33 PM GMT+1 [Modules] Streaming discord_game_utils@1 to /home/chiisai/.config/discord/0.0.119/modules/pending/discord_game_utils-1.zip: 50%
12/23/2025, 6:56:33 PM GMT+1 [Modules] Streaming discord_game_utils@1 to /home/chiisai/.config/discord/0.0.119/modules/pending/discord_game_utils-1.zip: 51%
12/23/2025, 6:56:33 PM GMT+1 [Modules] Streaming discord_game_utils@1 to /home/chiisai/.config/discord/0.0.119/modules/pending/discord_game_utils-1.zip: 52%
12/23/2025, 6:56:33 PM GMT+1 [Modules] Streaming discord_game_utils@1 to /home/chiisai/.config/discord/0.0.119/modules/pending/discord_game_utils-1.zip: 53%
12/23/2025, 6:56:33 PM GMT+1 [Modules] Streaming discord_game_utils@1 to /home/chiisai/.config/discord/0.0.119/modules/pending/discord_game_utils-1.zip: 54%
12/23/2025, 6:56:33 PM GMT+1 [Modules] Streaming discord_game_utils@1 to /home/chiisai/.config/discord/0.0.119/modules/pending/discord_game_utils-1.zip: 55%
12/23/2025, 6:56:33 PM GMT+1 [Modules] Streaming discord_game_utils@1 to /home/chiisai/.config/discord/0.0.119/modules/pending/discord_game_utils-1.zip: 56%
12/23/2025, 6:56:33 PM GMT+1 [Modules] Streaming discord_game_utils@1 to /home/chiisai/.config/discord/0.0.119/modules/pending/discord_game_utils-1.zip: 57%
12/23/2025, 6:56:33 PM GMT+1 [Modules] Streaming discord_game_utils@1 to /home/chiisai/.config/discord/0.0.119/modules/pending/discord_game_utils-1.zip: 58%
12/23/2025, 6:56:33 PM GMT+1 [Modules] Streaming discord_game_utils@1 to /home/chiisai/.config/discord/0.0.119/modules/pending/discord_game_utils-1.zip: 59%
12/23/2025, 6:56:33 PM GMT+1 [Modules] Streaming discord_game_utils@1 to /home/chiisai/.config/discord/0.0.119/modules/pending/discord_game_utils-1.zip: 60%
12/23/2025, 6:56:33 PM GMT+1 [Modules] Streaming discord_game_utils@1 to /home/chiisai/.config/discord/0.0.119/modules/pending/discord_game_utils-1.zip: 61%
12/23/2025, 6:56:33 PM GMT+1 [Modules] Streaming discord_game_utils@1 to /home/chiisai/.config/discord/0.0.119/modules/pending/discord_game_utils-1.zip: 62%
12/23/2025, 6:56:33 PM GMT+1 [Modules] Streaming discord_game_utils@1 to /home/chiisai/.config/discord/0.0.119/modules/pending/discord_game_utils-1.zip: 63%
12/23/2025, 6:56:33 PM GMT+1 [Modules] Streaming discord_game_utils@1 to /home/chiisai/.config/discord/0.0.119/modules/pending/discord_game_utils-1.zip: 64%
12/23/2025, 6:56:33 PM GMT+1 [Modules] Streaming discord_game_utils@1 to /home/chiisai/.config/discord/0.0.119/modules/pending/discord_game_utils-1.zip: 65%
12/23/2025, 6:56:33 PM GMT+1 [Modules] Streaming discord_game_utils@1 to /home/chiisai/.config/discord/0.0.119/modules/pending/discord_game_utils-1.zip: 66%
12/23/2025, 6:56:33 PM GMT+1 [Modules] Streaming discord_game_utils@1 to /home/chiisai/.config/discord/0.0.119/modules/pending/discord_game_utils-1.zip: 67%
12/23/2025, 6:56:34 PM GMT+1 [Modules] Streaming discord_game_utils@1 to /home/chiisai/.config/discord/0.0.119/modules/pending/discord_game_utils-1.zip: 68%
12/23/2025, 6:56:34 PM GMT+1 [Modules] Streaming discord_game_utils@1 to /home/chiisai/.config/discord/0.0.119/modules/pending/discord_game_utils-1.zip: 69%
12/23/2025, 6:56:34 PM GMT+1 [Modules] Streaming discord_game_utils@1 to /home/chiisai/.config/discord/0.0.119/modules/pending/discord_game_utils-1.zip: 70%
12/23/2025, 6:56:34 PM GMT+1 [Modules] Streaming discord_game_utils@1 to /home/chiisai/.config/discord/0.0.119/modules/pending/discord_game_utils-1.zip: 71%
12/23/2025, 6:56:34 PM GMT+1 [Modules] Streaming discord_game_utils@1 to /home/chiisai/.config/discord/0.0.119/modules/pending/discord_game_utils-1.zip: 72%
12/23/2025, 6:56:34 PM GMT+1 [Modules] Streaming discord_game_utils@1 to /home/chiisai/.config/discord/0.0.119/modules/pending/discord_game_utils-1.zip: 73%
12/23/2025, 6:56:34 PM GMT+1 [Modules] Streaming discord_game_utils@1 to /home/chiisai/.config/discord/0.0.119/modules/pending/discord_game_utils-1.zip: 74%
12/23/2025, 6:56:34 PM GMT+1 [Modules] Streaming discord_game_utils@1 to /home/chiisai/.config/discord/0.0.119/modules/pending/discord_game_utils-1.zip: 75%
12/23/2025, 6:56:34 PM GMT+1 [Modules] Streaming discord_game_utils@1 to /home/chiisai/.config/discord/0.0.119/modules/pending/discord_game_utils-1.zip: 76%
12/23/2025, 6:56:34 PM GMT+1 [Modules] Streaming discord_game_utils@1 to /home/chiisai/.config/discord/0.0.119/modules/pending/discord_game_utils-1.zip: 77%
12/23/2025, 6:56:34 PM GMT+1 [Modules] Streaming discord_game_utils@1 to /home/chiisai/.config/discord/0.0.119/modules/pending/discord_game_utils-1.zip: 78%
12/23/2025, 6:56:34 PM GMT+1 [Modules] Streaming discord_game_utils@1 to /home/chiisai/.config/discord/0.0.119/modules/pending/discord_game_utils-1.zip: 79%
12/23/2025, 6:56:34 PM GMT+1 [Modules] Streaming discord_game_utils@1 to /home/chiisai/.config/discord/0.0.119/modules/pending/discord_game_utils-1.zip: 80%
12/23/2025, 6:56:34 PM GMT+1 [Modules] Streaming discord_game_utils@1 to /home/chiisai/.config/discord/0.0.119/modules/pending/discord_game_utils-1.zip: 81%
12/23/2025, 6:56:34 PM GMT+1 [Modules] Streaming discord_game_utils@1 to /home/chiisai/.config/discord/0.0.119/modules/pending/discord_game_utils-1.zip: 82%
12/23/2025, 6:56:34 PM GMT+1 [Modules] Streaming discord_game_utils@1 to /home/chiisai/.config/discord/0.0.119/modules/pending/discord_game_utils-1.zip: 83%
12/23/2025, 6:56:34 PM GMT+1 [Modules] Streaming discord_game_utils@1 to /home/chiisai/.config/discord/0.0.119/modules/pending/discord_game_utils-1.zip: 84%
12/23/2025, 6:56:34 PM GMT+1 [Modules] Streaming discord_game_utils@1 to /home/chiisai/.config/discord/0.0.119/modules/pending/discord_game_utils-1.zip: 85%
12/23/2025, 6:56:34 PM GMT+1 [Modules] Streaming discord_game_utils@1 to /home/chiisai/.config/discord/0.0.119/modules/pending/discord_game_utils-1.zip: 86%
12/23/2025, 6:56:34 PM GMT+1 [Modules] Streaming discord_game_utils@1 to /home/chiisai/.config/discord/0.0.119/modules/pending/discord_game_utils-1.zip: 87%
12/23/2025, 6:56:34 PM GMT+1 [Modules] Streaming discord_game_utils@1 to /home/chiisai/.config/discord/0.0.119/modules/pending/discord_game_utils-1.zip: 88%
12/23/2025, 6:56:34 PM GMT+1 [Modules] Streaming discord_game_utils@1 to /home/chiisai/.config/discord/0.0.119/modules/pending/discord_game_utils-1.zip: 89%
12/23/2025, 6:56:34 PM GMT+1 [Modules] Streaming discord_game_utils@1 to /home/chiisai/.config/discord/0.0.119/modules/pending/discord_game_utils-1.zip: 90%
12/23/2025, 6:56:34 PM GMT+1 [Modules] Streaming discord_game_utils@1 to /home/chiisai/.config/discord/0.0.119/modules/pending/discord_game_utils-1.zip: 91%
12/23/2025, 6:56:34 PM GMT+1 [Modules] Streaming discord_game_utils@1 to /home/chiisai/.config/discord/0.0.119/modules/pending/discord_game_utils-1.zip: 92%
12/23/2025, 6:56:34 PM GMT+1 [Modules] Streaming discord_game_utils@1 to /home/chiisai/.config/discord/0.0.119/modules/pending/discord_game_utils-1.zip: 93%
12/23/2025, 6:56:34 PM GMT+1 [Modules] Streaming discord_game_utils@1 to /home/chiisai/.config/discord/0.0.119/modules/pending/discord_game_utils-1.zip: 94%
12/23/2025, 6:56:34 PM GMT+1 [Modules] Streaming discord_game_utils@1 to /home/chiisai/.config/discord/0.0.119/modules/pending/discord_game_utils-1.zip: 95%
12/23/2025, 6:56:34 PM GMT+1 [Modules] Streaming discord_game_utils@1 to /home/chiisai/.config/discord/0.0.119/modules/pending/discord_game_utils-1.zip: 96%
12/23/2025, 6:56:34 PM GMT+1 [Modules] Streaming discord_game_utils@1 to /home/chiisai/.config/discord/0.0.119/modules/pending/discord_game_utils-1.zip: 97%
12/23/2025, 6:56:34 PM GMT+1 [Modules] Streaming discord_game_utils@1 to /home/chiisai/.config/discord/0.0.119/modules/pending/discord_game_utils-1.zip: 98%
12/23/2025, 6:56:34 PM GMT+1 [Modules] Streaming discord_game_utils@1 to /home/chiisai/.config/discord/0.0.119/modules/pending/discord_game_utils-1.zip: 99%
12/23/2025, 6:56:34 PM GMT+1 [Modules] Streaming discord_game_utils@1 to /home/chiisai/.config/discord/0.0.119/modules/pending/discord_game_utils-1.zip: 100%
12/23/2025, 6:56:34 PM GMT+1 [Modules] Fetching discord_rpc@1 from https://discord.com/api/modules/stable/discord_rpc/1
12/23/2025, 6:56:34 PM GMT+1 [Modules] Streaming discord_rpc@1 to /home/chiisai/.config/discord/0.0.119/modules/pending/discord_rpc-1.zip
12/23/2025, 6:56:34 PM GMT+1 [Modules] Streaming discord_rpc@1 to /home/chiisai/.config/discord/0.0.119/modules/pending/discord_rpc-1.zip: 17%
12/23/2025, 6:56:34 PM GMT+1 [Modules] Streaming discord_rpc@1 to /home/chiisai/.config/discord/0.0.119/modules/pending/discord_rpc-1.zip: 100%
12/23/2025, 6:56:34 PM GMT+1 [Modules] Finished module downloads. [success: 3] [failure: 0]
12/23/2025, 6:56:35 PM GMT+1 [Modules] Installing discord_game_utils@1 from /home/chiisai/.config/discord/0.0.119/modules/pending/discord_game_utils-1.zip
12/23/2025, 6:56:35 PM GMT+1 [Modules] Installing discord_rpc@1 from /home/chiisai/.config/discord/0.0.119/modules/pending/discord_rpc-1.zip
12/23/2025, 6:56:35 PM GMT+1 [Modules] Finished module installations. [success: 3] [failure: 0]
12/23/2025, 6:56:59 PM GMT+1 [Modules] Checking for host updates.
12/23/2025, 6:57:00 PM GMT+1 [Modules] Host is up to date.
12/23/2025, 6:57:00 PM GMT+1 [Modules] Checking for module updates at https://discord.com/api/modules/stable/versions.json
12/23/2025, 6:57:00 PM GMT+1 [Modules] No module updates available.
12/23/2025, 7:46:40 PM GMT+1 [Modules] Modules initializing
12/23/2025, 7:46:40 PM GMT+1 [Modules] Distribution: remote
12/23/2025, 7:46:40 PM GMT+1 [Modules] Host updates: enabled
12/23/2025, 7:46:40 PM GMT+1 [Modules] Module updates: enabled
12/23/2025, 7:46:40 PM GMT+1 [Modules] Module install path: /home/chiisai/.config/discord/0.0.119/modules
12/23/2025, 7:46:40 PM GMT+1 [Modules] Module installed file path: /home/chiisai/.config/discord/0.0.119/modules/installed.json
12/23/2025, 7:46:40 PM GMT+1 [Modules] Module download path: /home/chiisai/.config/discord/0.0.119/modules/pending
12/23/2025, 7:46:40 PM GMT+1 [Modules] No updates to install
12/23/2025, 7:46:40 PM GMT+1 [Modules] Checking for host updates.
12/23/2025, 7:46:41 PM GMT+1 [Modules] Host is up to date.
12/23/2025, 7:46:41 PM GMT+1 [Modules] Checking for module updates at https://discord.com/api/modules/stable/versions.json
12/23/2025, 7:46:41 PM GMT+1 [Modules] No module updates available.
12/23/2025, 7:46:53 PM GMT+1 [Modules] Checking for host updates.
12/23/2025, 7:46:54 PM GMT+1 [Modules] Host is up to date.
12/23/2025, 7:46:54 PM GMT+1 [Modules] Checking for module updates at https://discord.com/api/modules/stable/versions.json
12/23/2025, 7:46:54 PM GMT+1 [Modules] No module updates available.
12/24/2025, 9:48:50 AM GMT+1 [Modules] Modules initializing
12/24/2025, 9:48:50 AM GMT+1 [Modules] Distribution: remote
12/24/2025, 9:48:50 AM GMT+1 [Modules] Host updates: enabled
12/24/2025, 9:48:50 AM GMT+1 [Modules] Module updates: enabled
12/24/2025, 9:48:50 AM GMT+1 [Modules] Module install path: /home/chiisai/.config/discord/0.0.119/modules
12/24/2025, 9:48:50 AM GMT+1 [Modules] Module installed file path: /home/chiisai/.config/discord/0.0.119/modules/installed.json
12/24/2025, 9:48:50 AM GMT+1 [Modules] Module download path: /home/chiisai/.config/discord/0.0.119/modules/pending
12/24/2025, 9:48:51 AM GMT+1 [Modules] No updates to install
12/24/2025, 9:48:51 AM GMT+1 [Modules] Checking for host updates.
12/24/2025, 9:48:51 AM GMT+1 [Modules] Host is up to date.
12/24/2025, 9:48:51 AM GMT+1 [Modules] Checking for module updates at https://discord.com/api/modules/stable/versions.json
12/24/2025, 9:48:51 AM GMT+1 [Modules] No module updates available.
12/24/2025, 9:48:59 AM GMT+1 [Modules] Checking for host updates.
12/24/2025, 9:49:00 AM GMT+1 [Modules] Host is up to date.
12/24/2025, 9:49:00 AM GMT+1 [Modules] Checking for module updates at https://discord.com/api/modules/stable/versions.json
12/24/2025, 9:49:00 AM GMT+1 [Modules] No module updates available.
12/25/2025, 10:01:03 AM GMT+1 [Modules] Modules initializing
12/25/2025, 10:01:03 AM GMT+1 [Modules] Distribution: remote
12/25/2025, 10:01:03 AM GMT+1 [Modules] Host updates: enabled
12/25/2025, 10:01:03 AM GMT+1 [Modules] Module updates: enabled
12/25/2025, 10:01:03 AM GMT+1 [Modules] Module install path: /home/chiisai/.config/discord/0.0.119/modules
12/25/2025, 10:01:03 AM GMT+1 [Modules] Module installed file path: /home/chiisai/.config/discord/0.0.119/modules/installed.json
12/25/2025, 10:01:03 AM GMT+1 [Modules] Module download path: /home/chiisai/.config/discord/0.0.119/modules/pending
12/25/2025, 10:01:03 AM GMT+1 [Modules] No updates to install
12/25/2025, 10:01:03 AM GMT+1 [Modules] Checking for host updates.
12/25/2025, 10:01:04 AM GMT+1 [Modules] Host is up to date.
12/25/2025, 10:01:04 AM GMT+1 [Modules] Checking for module updates at https://discord.com/api/modules/stable/versions.json
12/25/2025, 10:01:04 AM GMT+1 [Modules] No module updates available.
12/25/2025, 10:01:12 AM GMT+1 [Modules] Checking for host updates.
12/25/2025, 10:01:13 AM GMT+1 [Modules] Host is up to date.
12/25/2025, 10:01:13 AM GMT+1 [Modules] Checking for module updates at https://discord.com/api/modules/stable/versions.json
12/25/2025, 10:01:13 AM GMT+1 [Modules] No module updates available.
12/25/2025, 11:01:13 AM GMT+1 [Modules] Checking for host updates.
12/25/2025, 11:01:13 AM GMT+1 [Modules] Host is up to date.
12/25/2025, 11:01:13 AM GMT+1 [Modules] Checking for module updates at https://discord.com/api/modules/stable/versions.json
12/25/2025, 11:01:13 AM GMT+1 [Modules] No module updates available.
12/25/2025, 12:01:13 PM GMT+1 [Modules] Checking for host updates.
12/25/2025, 12:01:13 PM GMT+1 [Modules] Host is up to date.
12/25/2025, 12:01:13 PM GMT+1 [Modules] Checking for module updates at https://discord.com/api/modules/stable/versions.json
12/25/2025, 12:01:13 PM GMT+1 [Modules] No module updates available.
12/25/2025, 1:42:46 PM GMT+1 [Modules] Modules initializing
12/25/2025, 1:42:46 PM GMT+1 [Modules] Distribution: remote
12/25/2025, 1:42:46 PM GMT+1 [Modules] Host updates: enabled
12/25/2025, 1:42:46 PM GMT+1 [Modules] Module updates: enabled
12/25/2025, 1:42:46 PM GMT+1 [Modules] Module install path: /home/chiisai/.config/discord/0.0.119/modules
12/25/2025, 1:42:46 PM GMT+1 [Modules] Module installed file path: /home/chiisai/.config/discord/0.0.119/modules/installed.json
12/25/2025, 1:42:46 PM GMT+1 [Modules] Module download path: /home/chiisai/.config/discord/0.0.119/modules/pending
12/25/2025, 1:42:46 PM GMT+1 [Modules] No updates to install
12/25/2025, 1:42:46 PM GMT+1 [Modules] Checking for host updates.
12/25/2025, 1:42:47 PM GMT+1 [Modules] Host is up to date.
12/25/2025, 1:42:47 PM GMT+1 [Modules] Checking for module updates at https://discord.com/api/modules/stable/versions.json
12/25/2025, 1:42:47 PM GMT+1 [Modules] No module updates available.
12/25/2025, 1:42:55 PM GMT+1 [Modules] Checking for host updates.
12/25/2025, 1:42:56 PM GMT+1 [Modules] Host is up to date.
12/25/2025, 1:42:56 PM GMT+1 [Modules] Checking for module updates at https://discord.com/api/modules/stable/versions.json
12/25/2025, 1:42:56 PM GMT+1 [Modules] No module updates available.
12/25/2025, 6:42:58 PM GMT+1 [Modules] Modules initializing
12/25/2025, 6:42:58 PM GMT+1 [Modules] Distribution: remote
12/25/2025, 6:42:58 PM GMT+1 [Modules] Host updates: enabled
12/25/2025, 6:42:58 PM GMT+1 [Modules] Module updates: enabled
12/25/2025, 6:42:58 PM GMT+1 [Modules] Module install path: /home/chiisai/.config/discord/0.0.119/modules
12/25/2025, 6:42:58 PM GMT+1 [Modules] Module installed file path: /home/chiisai/.config/discord/0.0.119/modules/installed.json
12/25/2025, 6:42:58 PM GMT+1 [Modules] Module download path: /home/chiisai/.config/discord/0.0.119/modules/pending
12/25/2025, 6:42:58 PM GMT+1 [Modules] No updates to install
12/25/2025, 6:42:58 PM GMT+1 [Modules] Checking for host updates.
12/25/2025, 6:42:59 PM GMT+1 [Modules] Host is up to date.
12/25/2025, 6:42:59 PM GMT+1 [Modules] Checking for module updates at https://discord.com/api/modules/stable/versions.json
12/25/2025, 6:42:59 PM GMT+1 [Modules] No module updates available.
12/25/2025, 6:43:07 PM GMT+1 [Modules] Checking for host updates.
12/25/2025, 6:43:07 PM GMT+1 [Modules] Host is up to date.
12/25/2025, 6:43:07 PM GMT+1 [Modules] Checking for module updates at https://discord.com/api/modules/stable/versions.json
12/25/2025, 6:43:07 PM GMT+1 [Modules] No module updates available.
12/25/2025, 6:47:44 PM GMT+1 [Modules] Modules initializing
12/25/2025, 6:47:44 PM GMT+1 [Modules] Distribution: remote
12/25/2025, 6:47:44 PM GMT+1 [Modules] Host updates: enabled
12/25/2025, 6:47:44 PM GMT+1 [Modules] Module updates: enabled
12/25/2025, 6:47:44 PM GMT+1 [Modules] Module install path: /home/chiisai/.config/discord/0.0.119/modules
12/25/2025, 6:47:44 PM GMT+1 [Modules] Module installed file path: /home/chiisai/.config/discord/0.0.119/modules/installed.json
12/25/2025, 6:47:44 PM GMT+1 [Modules] Module download path: /home/chiisai/.config/discord/0.0.119/modules/pending
12/25/2025, 6:47:45 PM GMT+1 [Modules] No updates to install
12/25/2025, 6:47:45 PM GMT+1 [Modules] Checking for host updates.
12/25/2025, 6:47:45 PM GMT+1 [Modules] Host is up to date.
12/25/2025, 6:47:45 PM GMT+1 [Modules] Checking for module updates at https://discord.com/api/modules/stable/versions.json
12/25/2025, 6:47:45 PM GMT+1 [Modules] No module updates available.
12/25/2025, 6:47:54 PM GMT+1 [Modules] Checking for host updates.
12/25/2025, 6:47:54 PM GMT+1 [Modules] Host is up to date.
12/25/2025, 6:47:54 PM GMT+1 [Modules] Checking for module updates at https://discord.com/api/modules/stable/versions.json
12/25/2025, 6:47:54 PM GMT+1 [Modules] No module updates available.
12/25/2025, 10:45:04 PM GMT+1 [Modules] Modules initializing
12/25/2025, 10:45:04 PM GMT+1 [Modules] Distribution: remote
12/25/2025, 10:45:04 PM GMT+1 [Modules] Host updates: enabled
12/25/2025, 10:45:04 PM GMT+1 [Modules] Module updates: enabled
12/25/2025, 10:45:04 PM GMT+1 [Modules] Module install path: /home/chiisai/.config/discord/0.0.119/modules
12/25/2025, 10:45:04 PM GMT+1 [Modules] Module installed file path: /home/chiisai/.config/discord/0.0.119/modules/installed.json
12/25/2025, 10:45:04 PM GMT+1 [Modules] Module download path: /home/chiisai/.config/discord/0.0.119/modules/pending
12/25/2025, 10:45:05 PM GMT+1 [Modules] No updates to install
12/25/2025, 10:45:05 PM GMT+1 [Modules] Checking for host updates.
12/25/2025, 10:45:05 PM GMT+1 [Modules] Host is up to date.
12/25/2025, 10:45:05 PM GMT+1 [Modules] Checking for module updates at https://discord.com/api/modules/stable/versions.json
12/25/2025, 10:45:05 PM GMT+1 [Modules] No module updates available.
12/25/2025, 10:45:15 PM GMT+1 [Modules] Checking for host updates.
12/25/2025, 10:45:15 PM GMT+1 [Modules] Host is up to date.
12/25/2025, 10:45:15 PM GMT+1 [Modules] Checking for module updates at https://discord.com/api/modules/stable/versions.json
12/25/2025, 10:45:15 PM GMT+1 [Modules] No module updates available.
12/26/2025, 8:47:20 PM GMT+1 [Modules] Modules initializing
12/26/2025, 8:47:20 PM GMT+1 [Modules] Distribution: remote
12/26/2025, 8:47:20 PM GMT+1 [Modules] Host updates: enabled
12/26/2025, 8:47:20 PM GMT+1 [Modules] Module updates: enabled
12/26/2025, 8:47:20 PM GMT+1 [Modules] Module install path: /home/chiisai/.config/discord/0.0.119/modules
12/26/2025, 8:47:20 PM GMT+1 [Modules] Module installed file path: /home/chiisai/.config/discord/0.0.119/modules/installed.json
12/26/2025, 8:47:20 PM GMT+1 [Modules] Module download path: /home/chiisai/.config/discord/0.0.119/modules/pending
12/26/2025, 8:47:20 PM GMT+1 [Modules] No updates to install
12/26/2025, 8:47:20 PM GMT+1 [Modules] Checking for host updates.
12/26/2025, 8:47:21 PM GMT+1 [Modules] Host is up to date.
12/26/2025, 8:47:21 PM GMT+1 [Modules] Checking for module updates at https://discord.com/api/modules/stable/versions.json
12/26/2025, 8:47:21 PM GMT+1 [Modules] No module updates available.
12/26/2025, 8:47:30 PM GMT+1 [Modules] Checking for host updates.
12/26/2025, 8:47:30 PM GMT+1 [Modules] Host is up to date.
12/26/2025, 8:47:30 PM GMT+1 [Modules] Checking for module updates at https://discord.com/api/modules/stable/versions.json
12/26/2025, 8:47:31 PM GMT+1 [Modules] No module updates available.
12/26/2025, 9:30:35 PM GMT+1 [Modules] Modules initializing
12/26/2025, 9:30:35 PM GMT+1 [Modules] Distribution: remote
12/26/2025, 9:30:35 PM GMT+1 [Modules] Host updates: enabled
12/26/2025, 9:30:35 PM GMT+1 [Modules] Module updates: enabled
12/26/2025, 9:30:35 PM GMT+1 [Modules] Module install path: /home/chiisai/.config/discord/0.0.119/modules
12/26/2025, 9:30:35 PM GMT+1 [Modules] Module installed file path: /home/chiisai/.config/discord/0.0.119/modules/installed.json
12/26/2025, 9:30:35 PM GMT+1 [Modules] Module download path: /home/chiisai/.config/discord/0.0.119/modules/pending
12/26/2025, 9:30:35 PM GMT+1 [Modules] No updates to install
12/26/2025, 9:30:35 PM GMT+1 [Modules] Checking for host updates.
12/26/2025, 9:30:36 PM GMT+1 [Modules] Host is up to date.
12/26/2025, 9:30:36 PM GMT+1 [Modules] Checking for module updates at https://discord.com/api/modules/stable/versions.json
12/26/2025, 9:30:36 PM GMT+1 [Modules] No module updates available.
12/26/2025, 9:30:44 PM GMT+1 [Modules] Checking for host updates.
12/26/2025, 9:30:44 PM GMT+1 [Modules] Host is up to date.
12/26/2025, 9:30:44 PM GMT+1 [Modules] Checking for module updates at https://discord.com/api/modules/stable/versions.json
12/26/2025, 9:30:44 PM GMT+1 [Modules] No module updates available.
12/26/2025, 9:56:40 PM GMT+1 [Modules] Modules initializing
12/26/2025, 9:56:40 PM GMT+1 [Modules] Distribution: remote
12/26/2025, 9:56:40 PM GMT+1 [Modules] Host updates: enabled
12/26/2025, 9:56:40 PM GMT+1 [Modules] Module updates: enabled
12/26/2025, 9:56:40 PM GMT+1 [Modules] Module install path: /home/chiisai/.config/discord/0.0.119/modules
12/26/2025, 9:56:40 PM GMT+1 [Modules] Module installed file path: /home/chiisai/.config/discord/0.0.119/modules/installed.json
12/26/2025, 9:56:40 PM GMT+1 [Modules] Module download path: /home/chiisai/.config/discord/0.0.119/modules/pending
12/26/2025, 9:56:40 PM GMT+1 [Modules] No updates to install
12/26/2025, 9:56:40 PM GMT+1 [Modules] Checking for host updates.
12/26/2025, 9:56:41 PM GMT+1 [Modules] Host is up to date.
12/26/2025, 9:56:41 PM GMT+1 [Modules] Checking for module updates at https://discord.com/api/modules/stable/versions.json
12/26/2025, 9:56:41 PM GMT+1 [Modules] No module updates available.
12/26/2025, 9:56:49 PM GMT+1 [Modules] Checking for host updates.
12/26/2025, 9:56:50 PM GMT+1 [Modules] Host is up to date.
12/26/2025, 9:56:50 PM GMT+1 [Modules] Checking for module updates at https://discord.com/api/modules/stable/versions.json
12/26/2025, 9:56:50 PM GMT+1 [Modules] No module updates available.
12/26/2025, 10:21:27 PM GMT+1 [Modules] Modules initializing
12/26/2025, 10:21:27 PM GMT+1 [Modules] Distribution: remote
12/26/2025, 10:21:27 PM GMT+1 [Modules] Host updates: enabled
12/26/2025, 10:21:27 PM GMT+1 [Modules] Module updates: enabled
12/26/2025, 10:21:27 PM GMT+1 [Modules] Module install path: /home/chiisai/.config/discord/0.0.119/modules
12/26/2025, 10:21:27 PM GMT+1 [Modules] Module installed file path: /home/chiisai/.config/discord/0.0.119/modules/installed.json
12/26/2025, 10:21:27 PM GMT+1 [Modules] Module download path: /home/chiisai/.config/discord/0.0.119/modules/pending
12/26/2025, 10:21:28 PM GMT+1 [Modules] No updates to install
12/26/2025, 10:21:28 PM GMT+1 [Modules] Checking for host updates.
12/26/2025, 10:21:29 PM GMT+1 [Modules] Host is up to date.
12/26/2025, 10:21:29 PM GMT+1 [Modules] Checking for module updates at https://discord.com/api/modules/stable/versions.json
12/26/2025, 10:21:29 PM GMT+1 [Modules] No module updates available.
12/26/2025, 10:21:52 PM GMT+1 [Modules] Checking for host updates.
12/26/2025, 10:21:52 PM GMT+1 [Modules] Host is up to date.
12/26/2025, 10:21:52 PM GMT+1 [Modules] Checking for module updates at https://discord.com/api/modules/stable/versions.json
12/26/2025, 10:21:52 PM GMT+1 [Modules] No module updates available.
12/28/2025, 11:36:29 AM GMT+1 [Modules] Modules initializing
12/28/2025, 11:36:29 AM GMT+1 [Modules] Distribution: remote
12/28/2025, 11:36:29 AM GMT+1 [Modules] Host updates: enabled
12/28/2025, 11:36:29 AM GMT+1 [Modules] Module updates: enabled
12/28/2025, 11:36:29 AM GMT+1 [Modules] Module install path: /home/chiisai/.config/discord/0.0.119/modules
12/28/2025, 11:36:29 AM GMT+1 [Modules] Module installed file path: /home/chiisai/.config/discord/0.0.119/modules/installed.json
12/28/2025, 11:36:29 AM GMT+1 [Modules] Module download path: /home/chiisai/.config/discord/0.0.119/modules/pending
12/28/2025, 11:36:29 AM GMT+1 [Modules] No updates to install
12/28/2025, 11:36:29 AM GMT+1 [Modules] Checking for host updates.
12/28/2025, 11:36:30 AM GMT+1 [Modules] Host is up to date.
12/28/2025, 11:36:30 AM GMT+1 [Modules] Checking for module updates at https://discord.com/api/modules/stable/versions.json
12/28/2025, 11:36:30 AM GMT+1 [Modules] No module updates available.
12/28/2025, 11:36:38 AM GMT+1 [Modules] Checking for host updates.
12/28/2025, 11:36:38 AM GMT+1 [Modules] Host is up to date.
12/28/2025, 11:36:38 AM GMT+1 [Modules] Checking for module updates at https://discord.com/api/modules/stable/versions.json
12/28/2025, 11:36:38 AM GMT+1 [Modules] No module updates available.
12/28/2025, 12:36:38 PM GMT+1 [Modules] Checking for host updates.
12/28/2025, 12:36:38 PM GMT+1 [Modules] Host is up to date.
12/28/2025, 12:36:38 PM GMT+1 [Modules] Checking for module updates at https://discord.com/api/modules/stable/versions.json
12/28/2025, 12:36:38 PM GMT+1 [Modules] No module updates available.
12/28/2025, 1:36:38 PM GMT+1 [Modules] Checking for host updates.
12/28/2025, 1:36:38 PM GMT+1 [Modules] Host is up to date.
12/28/2025, 1:36:38 PM GMT+1 [Modules] Checking for module updates at https://discord.com/api/modules/stable/versions.json
12/28/2025, 1:36:38 PM GMT+1 [Modules] No module updates available.
12/28/2025, 2:36:38 PM GMT+1 [Modules] Checking for host updates.
12/28/2025, 2:36:38 PM GMT+1 [Modules] Host is up to date.
12/28/2025, 2:36:38 PM GMT+1 [Modules] Checking for module updates at https://discord.com/api/modules/stable/versions.json
12/28/2025, 2:36:38 PM GMT+1 [Modules] No module updates available.
12/28/2025, 3:36:38 PM GMT+1 [Modules] Checking for host updates.
12/28/2025, 3:36:38 PM GMT+1 [Modules] Host is up to date.
12/28/2025, 3:36:38 PM GMT+1 [Modules] Checking for module updates at https://discord.com/api/modules/stable/versions.json
12/28/2025, 3:36:38 PM GMT+1 [Modules] No module updates available.
12/28/2025, 4:36:38 PM GMT+1 [Modules] Checking for host updates.
12/28/2025, 4:36:38 PM GMT+1 [Modules] Host is up to date.
12/28/2025, 4:36:38 PM GMT+1 [Modules] Checking for module updates at https://discord.com/api/modules/stable/versions.json
12/28/2025, 4:36:38 PM GMT+1 [Modules] No module updates available.
12/28/2025, 5:36:38 PM GMT+1 [Modules] Checking for host updates.
12/28/2025, 5:36:38 PM GMT+1 [Modules] Host is up to date.
12/28/2025, 5:36:38 PM GMT+1 [Modules] Checking for module updates at https://discord.com/api/modules/stable/versions.json
12/28/2025, 5:36:38 PM GMT+1 [Modules] No module updates available.
